Internal ID,Address Internal ID,Addressee,Address Label
7502,2153363,SLA6,
7502,2153365,SMA2,
7502,2153367,SNJ1,
7502,2153369,SNY2,
7502,2153371,USF4,
7502,2153373,UCA9,
7502,2153375,UTX5,
7502,2153377,UOR1,
7502,2153378,TOH1,
7502,2153380,SVA1,
7502,2153382,STX4,
7502,2153384,SPA1,
7502,2153386,TUL2,
7502,2153388,YYZ9,
7502,2153390,UVA1,
7502,2153392,UIL1,
7502,2153394,UCA3,
7502,2153396,MAB1,
7502,2153398,MAB9,
7502,2153400,ICH6,
7502,2153402,UCA8,
7502,2153404,IBF1,
7502,2153406,XUXC,
7502,2153408,VUCG,
7502,2153410,KNJ2,
7502,2153412,AFW1,
7502,2153414,VOPE,
7502,2153416,AZA4,
7502,2153418,BFI2,
7502,2153420,CSG1,
7502,2153422,DCA6,
7502,2153424,DEV2,
7502,2153426,GYR1,
7502,2153428,HOU7,
7502,2153430,KRB2,
7502,2153432,MEM4,
7502,2153434,MQJ1,
7502,2153436,QAE1,
7502,2153438,SBD2,
7502,2153440,TPA6,
7502,2153442,XLX1,
7502,2153444,INY3,
7502,2153446,MQJ2,
7502,2153448,MAB4,
7502,2153450,VUCF,
7502,2153452,FDP1,
7502,2153454,HMW1,
7502,2153456,HNW1,
7502,2153458,RDG2,
7502,2153460,TEN1,
7502,2153462,TTN2,
7502,2153464,XEW2,
7502,2153466,XLA2,
7502,2153468,YTZ1,
7502,2153470,KPA1,
7502,2153472,VHNB,
7502,2153474,VHND,
7502,2153476,VHNF,
7502,2153478,MAB2,
7502,2153480,MAE6,
7502,2153482,ICH1,
7502,2153484,INY1,
7502,2153486,ILG2,
7502,2153488,INY9,
7502,2153490,INY5,
7502,2153492,ISF2,
7502,2153494,ISF4,
7502,2153496,ISE7,
7502,2153498,XUXD,
7502,2153500,XUSI,
7502,2153502,FLJ1,
7502,2153504,XUSS,
7502,2153506,HDA9,
7502,2153508,HPD9,
7502,2153510,HAT9,
7502,2153512,HRC9,
7502,2153514,HTP9,
7502,2153516,MAB3,
7502,2153518,MAC2,
7502,2153520,AGS1,
7502,2153522,ASH1,
7502,2153524,AUS3,
7502,2153526,BUR7,
7502,2153528,DET3,
7502,2153530,DPA7,
7502,2153532,FOE1,
7502,2153534,GYR2,
7502,2153536,HEA2,
7502,2153538,HIL3,
7502,2153540,HMW3,
7502,2153542,HOU6,
7502,2153544,HWE1,
7502,2153546,IAH1,
7502,2153548,ICT2,
7502,2153550,IGQ2,
7502,2153552,KRB4,
7502,2153554,LUK7,
7502,2153556,MEM3,
7502,2153558,MQY1,
7502,2153560,MTN7,
7502,2153562,ORD5,
7502,2153564,ORF3,
7502,2153566,SAN3,
7502,2153568,SCK4,
7502,2153570,SGA2,
7502,2153572,SMF6,
7502,2153574,SNJ2,
7502,2153576,SOH1,
7502,2153578,STX6,
7502,2153580,SYR1,
7502,2153582,TEN3,
7502,2153584,XLX2,
7502,2153586,XLX4,
7502,2153588,RRPR,
7502,2153590,RPNC,
7502,2153592,IBF7,
7502,2153594,VUH1,
7502,2153596,VUH3,
7502,2153598,VUH5,
7502,2153600,VUH7,
7502,2153602,VUH9,
7502,2153604,VUI2,
7502,2153606,VUI4,
7502,2153608,VUI6,
7502,2153610,VUI8,
7502,2153612,VURY,
7502,2153614,YOW3,
7502,2153616,USD1,
7502,2153618,MAG1,
7502,2153620,MAF4,
7502,2153622,MAF1,
7502,2153624,KCA8,
7502,2153625,KGA8,
7502,2153626,KIL8,
7502,2153627,KMA8,
7502,2153628,KTX8,
7502,2153629,SNC3,
7502,2153631,UNY4,
7502,2153633,XUSW,
7502,2153635,MAG3,
7502,2153637,LFT1,
7502,2153639,MSP6,
7502,2153641,OMA2,
7502,2153643,POD1,
7502,2153645,RAD1,
7502,2153647,SAT6,
7502,2153649,SAX4,
7502,2153651,SIN9,
7502,2153653,SMI1,
7502,2153655,SNC3,
7502,2153657,SNY4,
7502,2153659,SOH2,
7502,2153661,STX7,
7502,2153663,SWI1,
7502,2153665,TPA4,
7502,2153667,VGT2,
7502,2153669,ZAP2,
7502,2153671,YHM1,
7502,2153673,YXX2,
7502,2153675,VUJE,
7502,2153677,ASH2,
7502,2153679,BFI9,
7502,2153681,DTW3,
7502,2153683,FAR1,
7502,2153361,SLA5,
7502,2153778,VUAJ,
7502,2153780,VUAD,
7502,2153782,UDA1,
7502,2153784,GUS5,
7502,2153786,VUAR,
7502,2153788,VUAW,
7502,2153790,VUAY,
7502,2153792,VUCP,
7502,2153794,GUS8,
7502,2153796,RIC4,
7502,2153798,SAT3,
7502,2153800,SBD6,
7502,2153802,SHV1,
7502,2153804,SOH3,
7502,2153806,SWF2,
7502,2153808,TYS1,
7502,2153810,IUSL,
7502,2153812,YXU1,
7502,2153814,MAJ5,
7502,2153816,MAB7,
7502,2153818,VUBP,
7502,2153820,VUBR,
7502,2153822,RJY1,
7502,2153824,IAH4,
7502,2153826,KRB5,
7502,2153828,LUK2,
7502,2153830,PAE3,
7502,2153832,RFD2,
7502,2153834,MLI1,
7502,2153836,RJY2,
7502,2153838,RNM9,
7502,2153840,QAE2,
7502,2153842,KOH1,
7502,2153844,KOH6,
7502,2153846,VUBS,
7502,2153848,IBF4,
7502,2153850,ITUS,
7502,2153852,ITCA,
7502,2153854,IWA2,
7502,2153856,IDC1,
7502,2153858,IDC9,
7502,2153860,ILS4,
7502,2153862,ILS3,
7502,2153864,JAK1,
7502,2153866,UWI2,
7502,2153868,HUD0,
7502,2153870,HUD3,
7502,2153872,HUD5,
7502,2153874,MAK7,
7502,2153876,MAJ2,
7502,2153878,MAH5,
7502,2153880,MAC3,
7502,2153882,MAG5,
7502,2153884,MAJ7,
7502,2153886,UNJ2,
7502,2153888,KRB9,
7502,2153890,HAT7,
7502,2153892,MOD2,
7502,2153894,MWH1,
7502,2153896,POR4,
7502,2153898,AKR1,
7502,2153900,BFN3,
7502,2153902,PSC2,
7502,2153904,SCK8,
7502,2153906,TLH2,
7502,2153908,VUBT,
7502,2153910,XEW3,
7502,2153912,XHH3,
7502,2153914,YYC4,
7502,2153916,VUBV,
7502,2153918,HBD7,
7502,2153920,HCH7,
7502,2153922,HHO7,
7502,2153924,HMI7,
7502,2153926,HMO7,
7502,2153928,HPH6,
7502,2153930,HSD7,
7502,2153932,KRB7,
7502,2153934,GDL2,GDL2
7502,2153936,XCL3,XCL3
7502,2153938,C998,
7502,2153940,MAH2,
7502,2153942,MAH0,
7502,2153944,MAL0,
7502,2153946,MAK1,
7502,2153948,VUBZ,
7502,2153355,SCO1,
7502,2153357,SFL2,
7502,2153359,SGA1,
7502,2152640,Brazil 3PL,
7502,2152642,"XCAB DHL 3PL Calgary, AB",
7502,2152644,"Amazon Canada Fulfillment Services, Inc.",
7502,2152646,"Amazon Canada Fulfillment Services, Inc.",
7502,2152648,VOPA,
7502,2152650,"Amazon.com.ca, Inc",
7502,2152652,"Amazon.com.ca, Inc",
7502,2152654,KTO2,
7502,2152656,"Shenzhen Chinex Logistics Co., Ltd.",
7502,2152658,CPA San Martin Obispo Edificio B019,
7502,2152660,Servicios Comerciales Amazon Mexico S. de R.L. de C.V.,
7502,2152662,SMSA - Stylo Zapaterias,
7502,2152664,MEX1 for XBPS,
7502,2152666,SUHB,
7502,2152668,MOB9,
7502,2152670,Amazon.com.azdc LLC,
7502,2152672,Amazon.com.azdc LLC,
7502,2152674,Amazon Fulfillment Services,
7502,2152676,TUS1,
7502,2152678,SUPR - Nutricity,
7502,2152680,SUBW - Walker Bookstore,
7502,2152682,"NFI 3PL Perris, CA",
7502,2152684,BEK1,
7502,2152686,SUFD - ocpower,
7502,2152688,Golden State FC LLC,
7502,2152690,SUPE,
7502,2152692,SUNC - E2W Distribution,
7502,2152694,SUPK - Prosumer's Choice,
7502,2152696,SUOK,
7502,2152698,SUJB - Peora,
7502,2152700,Golden State FC LLC,
7502,2152702,VUWC - Flagstaff,
7502,2152704,Amazon.com.dedc LLC,
7502,2152706,SUPI,
7502,2152708,XFI1,
7502,2152710,SUSH - zeroUV,
7502,2152712,Treasure Truck Node,
7502,2152714,LGB1,
7502,2152716,SUOQ - LD Products,
7502,2152718,Amazon.com.nvdc LLC,
7502,2152720,Treasure Truck Node,
7502,2152722,Amazon.com.kydc LLC,
7502,2152724,VUWE - Nestle Modesto,
7502,2152726,Golden State FC LLC,
7502,2152728,Golden State FC LLC,
7502,2152730,SUAM,
7502,2152732,SUAC- Webzom,
7502,2152734,SUJF - Webzom,
7502,2152736,Golden State FC LLC,
7502,2152738,Golden State FC LLC,
7502,2152740,Golden State FC LLC,
7502,2152742,VUPX - Clorox VF CA,
7502,2152744,Treasure Truck Node,
7502,2152746,Golden State FC LLC,
7502,2152748,VUMD,
7502,2152750,Golden State FC LLC,
7502,2152752,Golden State FC LLC,
7502,2152754,Golden State FC LLC,
7502,2152756,Golden State FC LLC,
7502,2152758,Golden State FC LLC,
7502,2152760,SUBA,
7502,2152762,HCA6,
7502,2152764,Treasure Truck Node,
7502,2152766,Innovel STOCKTON - DDC,
7502,2152768,Amazon.com.dedc LLC,
7502,2152770,Golden State FC LLC,
7502,2152772,Golden State FC LLC,
7502,2152774,VUWA,
7502,2152776,Glorycycling International Inc,
7502,2152778,Amazon Fulfillment Services,
7502,2152780,FAT1,
7502,2152782,SMF3,
7502,2152784,SMF9,
7502,2152786,Amazon.com.dedc LLC,
7502,2152788,SUHQ - ShipIQ,
7502,2152790,DEN6,
7502,2152792,Treasure Truck Node,
7502,2152794,DEN3,
7502,2152796,SUJD - Old Glory/Animalworld,
7502,2152798,Amazon.com.dedc LLC,
7502,2152800,Amazon.com.dedc LLC,
7502,2152802,Amazon.com.dedc LLC,
7502,2152804,SUPQ - Longhorn Distribution,
7502,2152806,SUHS- Avalanche Brands,
7502,2152808,Amazon.com.dedc LLC,
7502,2152810,SUPD,
7502,2152812,AmazonFresh LLC,
7502,2152814,UFL2,
7502,2152816,SUJC - BodyJ4You,
7502,2152818,MIA1,
7502,2152820,Amazon.com.dedc LLC,
7502,2152822,Treasure Truck Node,
7502,2152824,SUAW- VRMI/Swiftpart,
7502,2152826,SUBT - Tend Skin,
7502,2152828,SUOD,
7502,2152830,Treasure Truck Node,
7502,2152832,SUBU - Cirdan,
7502,2152834,MCO1,
7502,2152836,SUAX - Athens Dodge Chrysler Jeep,
7502,2152838,Amazon.com.dedc LLC,
7502,2152840,SUOL,
7502,2152842,VUGO - Abbott GA,
7502,2152844,Amazon.com.dedc LLC,
7502,2152846,AmazonFresh LLC,
7502,2152848,Savannah 3PL Import Crossdock,
7502,2152850,Amazon.com.dedc LLC,
7502,2152852,VUPY - Colgate VF GA,
7502,2152854,Amazon.com.dedc LLC,
7502,2152856,Innovel PENDERGRASS - DDC,
7502,2152858,SUNB - E2W Distribution,
7502,2152860,Amazon.com.dedc LLC,
7502,2152862,Amazon.com.dedc LLC,
7502,2152864,Amazon.com.dedc LLC,
7502,2152866,SUON - Signs Direct,
7502,2152868,Amazon.com.dedc LLC,
7502,2152870,Amazon.com.dedc LLC,
7502,2152872,Treasure Truck Node,
7502,2152874,Amazon.com.dedc LLC,
7502,2152876,Amazon.com.dedc LLC,
7502,2152878,Amazon.com.dedc LLC,
7502,2152880,KIL1,
7502,2152882,Amazon.com.dedc LLC,
7502,2152884,Amazon.com.dedc LLC,
7502,2152886,SUAP,
7502,2152888,Innovel Romeoville DDC,
7502,2152890,Amazon.com.dedc LLC,
7502,2152892,AmazonFresh LLC,
7502,2152894,ICT1,
7502,2152896,SUOJ,
7502,2152898,VUMC,
7502,2152900,Amazon.com.indc LLC,
7502,2152902,Treasure Truck Node,
7502,2152904,Amazon.com.indc LLC,
7502,2152906,VUQD - Mead Johnson VF IN,
7502,2152908,Amazon.com.indc LLC,
7502,2152910,Amazon.com.indc LLC,
7502,2152912,Amazon.com.indc LLC,
7502,2152914,LAS7,
7502,2152916,Amazon.com.kydc LLC,
7502,2152918,Amazon Fulfillment Services,
7502,2152920,Amazon.com.kydc LLC,
7502,2152922,IVSA,
7502,2152924,SUDA - DragonMarts,
7502,2152926,IVSA,
7502,2152928,Seller Flex - Teespring - Hebron KY,
7502,2152930,Amazon.com.kydc LLC,
7502,2152932,Amazon.com.kydc LLC,
7502,2152934,Amazon.com.kydc LLC,
7502,2152936,SUBH,
7502,2152938,SUSA,
7502,2152940,PISB,
7502,2152942,Amazon.com.kydc LLC,
7502,2152944,Amazon.com.kydc LLC,
7502,2152946,Treasure Truck Node,
7502,2152948,Amazon.com.kydc LLC,
7502,2152950,SUSK - Direct Premium Buys,
7502,2152952,Amazon.com.kydc LLC,
7502,2152954,BOS9,
7502,2152956,Amazon.com.dedc LLC,
7502,2152958,Amazon.com.dedc LLC,
7502,2152960,01-Mar,
7502,2152962,SUOC,
7502,2152964,SUHX - Pinklim,
7502,2152966,SUTA - ToyKingsOnline,
7502,2152968,XUSR 3PL,
7502,2152970,Amazon.com.dedc LLC,
7502,2152972,DTW1,
7502,2152974,SUVA - Loot Hive,
7502,2152976,Treasure Truck Node,
7502,2152978,Amazon.com.dedc LLC,
7502,2152980,SUEH - A1 Components,
7502,2152982,Amazon.com.dedc LLC,
7502,2152984,Amazon.com.dedc LLC,
7502,2152986,Amazon.com.nvdc LLC,
7502,2152988,SUBC - Gilden Tree,
7502,2152990,PFL2,
7502,2152992,JFK8,
7502,2152994,EWR6,
7502,2152996,SUPM - E2W Distribution,
7502,2152998,Amazon.com.dedc LLC,
7502,2153000,Amazon.com.dedc LLC,
7502,2153002,Amazon.com.dedc LLC,
7502,2153004,SUCD,
7502,2153006,Amazon Fulfillment Services,
7502,2153008,UNJ1,
7502,2153010,CTDI New Jersey,
7502,2153012,SUPN - What America Buys,
7502,2153014,SUHE - Persian Rugs,
7502,2153016,Amazon.com.dedc LLC,
7502,2153018,SUOE,
7502,2153020,Amazon.com.dedc LLC,
7502,2153022,ACY1,
7502,2153024,Amazon.com.nvdc LLC,
7502,2153026,IVSF,
7502,2153028,Amazon.com.kydc LLC,
7502,2153030,JFK9,
7502,2153032,SUGC - Driftaway LLC,
7502,2153034,SUHP - OxKom,
7502,2153036,SUPJ,
7502,2153038,SUOX - The Mega Deals,
7502,2153040,Treasure Truck Node,
7502,2153042,VUQC - Perfume WW VF NY,
7502,2153044,AZ Texts LLC (SUBD),
7502,2153046,Amazon.com.dedc LLC,
7502,2153048,Amazon.com.dedc LLC,
7502,2153050,SUAB,
7502,2153052,Amazon.com.dedc LLC,
7502,2153054,SUAS - Nayked Apparel,
7502,2153056,Amazon.com.dedc LLC,
7502,2153058,SUHO,
7502,2153060,POH1,
7502,2153062,VUPW,
7502,2153064,OKC9,
7502,2153066,BDL3,
7502,2153068,SUOS Plus Corporation of America,
7502,2153070,Amazon.com.dedc LLC,
7502,2153072,Treasure Truck Node,
7502,2153074,PDX6,
7502,2153076,PDX9,
7502,2153078,Amazon.com.dedc LLC,
7502,2153080,Amazon.com.dedc LLC,
7502,2153082,Amazon.com.dedc LLC,
7502,2153084,VUGM - Mondelez PA,
7502,2153086,Amazon.com.dedc LLC,
7502,2153088,Amazon.com.kydc LLC,
7502,2153090,Amazon.com.dedc LLC,
7502,2153092,Amazon.com.kydc LLC,
7502,2153094,VUWB,
7502,2153096,SUOT - LD Products,
7502,2153098,SUBE,
7502,2153100,Amazon.com.dedc LLC,
7502,2153102,SULX - Line 9 Sales,
7502,2153104,Amazon.com.dedc LLC,
7502,2153106,VUAV,
7502,2153108,Amazon Nestle Vendor Flex CA,
7502,2153110,Amazon.com.dedc LLC,
7502,2153112,Amazon Nestle Vendor Flex CA,
7502,2153114,845 Paragon Way,
7502,2153116,"NFI 3PL Perris, CA",
7502,2153118,MEM1,
7502,2153120,Amazon.com.dedc LLC,
7502,2153122,Amazon.com.dedc LLC,
7502,2153124,Amazon.com.dedc LLC,
7502,2153126,Treasure Truck Node,
7502,2153128,SUOZ - E2W Distribution,
7502,2153130,Treasure Truck Node,
7502,2153132,TAM1,
7502,2153134,SUAD- Dreem Co.,
7502,2153136,Amazon.com.kydc LLC,
7502,2153138,Treasure Truck Node,
7502,2153140,Amazon.com.dedc LLC,
7502,2153142,Innovel DALLAS - DDC,
7502,2153144,Amazon.com.kydc LLC,
7502,2153146,AmazonFresh LLC,
7502,2153148,UTX7,
7502,2153150,Amazon.com.kydc LLC,
7502,2153152,VUPZ - Colgate VF TX,
7502,2153154,Amazon fulfillment services,
7502,2153156,AmazonFresh LLC,
7502,2153158,Amazon.com.kydc LLC,
7502,2153160,Amazon.com.dedc LLC,
7502,2153162,Amazon.com.kydc LLC,
7502,2153164,Amazon.com.kydc LLC,
7502,2153166,VUHE,
7502,2153168,Amazon.com.kydc LLC,
7502,2153170,Amazon.com.dedc LLC,
7502,2153172,SUOI,
7502,2153174,SUSJ - Gear Meister,
7502,2153176,SUBL,
7502,2153178,Norfolk 3PL Import Crossdock,
7502,2153180,BWI4,
7502,2153182,Amazon.com.dedc LLC,
7502,2153184,SULC - Seven Times Six,
7502,2153186,Amazon.com.kydc LLC,
7502,2153188,AmazonFresh LLC,
7502,2153190,SULA,
7502,2153192,Amazon.com.dedc LLC,
7502,2153194,Amazon.com.dedc LLC,
7502,2153196,Amazon.com.dedc LLC,
7502,2153198,Innovel KENT - DDC,
7502,2153200,Prime Now LLC,
7502,2153202,UWA4,
7502,2153204,Amazon.com.dedc LLC,
7502,2153206,SUXA- Test Node,
7502,2153208,SUZC,
7502,2153210,SUZA,
7502,2153212,SUED- Huppins,
7502,2153214,Amazon.com.dedc LLC,
7502,2153216,Amazon.com.dedc LLC,
7502,2153218,"Net Health Shops, LLC d.b.a. Serenity Health - SULD",
7502,2153220,MKE9,
7502,2153222,SUPA - Big Dot of Happiness,
7502,2153224,UWI1,
7502,2153226,UNV2,
7502,2153228,NFI Industries - Bulk Storage 3PL,
7502,2153230,VUQH - First Quality UT,
7502,2153232,ASE3 -  Amazon Prime Now,
7502,2153234,ISE6-Amazon Go,
7502,2153236,DCA2,
7502,2153238,DNJ1,
7502,2153240,SDC1,
7502,2153242,SMA1,
7502,2153244,STX2,
7502,2153246,XIX3,
7502,2153248,XIX5,
7502,2153250,SAZ1,
7502,2153252,CMH6,
7502,2153254,XEW1,
7502,2153256,SLC3,
7502,2153258,BHM1,
7502,2153260,SLF1,
7502,2153262,GRR1,
7502,2153264,SCK1,
7502,2153266,LAX9,
7502,2153268,ORD3,
7502,2153270,MEM2,
7502,2153272,FDN1,
7502,2153274,YVR4,
7502,2153276,VUTH,
7502,2153278,VUGR,
7502,2153280,VUQP,
7502,2153282,VUQI,
7502,2153284,TNV2,
7502,2153286,UGA4,
7502,2153288,UAZ1,
7502,2153290,UTX3,
7502,2153292,UCA6,
7502,2153294,VUTG,
7502,2153296,INT2,
7502,2153298,UTN1,
7502,2153300,UMA4,
7502,2153302,UNY1,
7502,2153304,UNC2,
7502,2153306,UFL6,
7502,2153308,UFL5,
7502,2153310,ULA1,
7502,2153312,UMN2,
7502,2153314,UNY2,
7502,2153316,USC2,
7502,2153318,UTX9,
7502,2153320,UNC3,
7502,2153322,UOH5,
7502,2153324,USC1,
7502,2153326,USF2,
7502,2153328,UVA5,
7502,2153330,XIX6,
7502,2153332,ALB1,
7502,2153334,BFC1,
7502,2153336,GEG1,
7502,2153338,KRB1,
7502,2153340,MCO2,
7502,2153342,MSP4,
7502,2153344,PIT2,
7502,2153346,RDU1,
7502,2153348,SAX2,
7502,2153350,SCA3,
7502,2153678,BDL4,
7502,2153680,CLT6,
7502,2153682,ELP1,
7502,2153684,FWA4,
7502,2153686,HGA6,
7502,2153688,HOU8,
7502,2153690,HSV1,
7502,2153692,HTX3,
7502,2153694,ILG1,
7502,2153696,VUJH,
7502,2153698,VUJI,
7502,2153700,MAF9,
7502,2153702,RHA1,
7502,2153704,INY4,
7502,2153706,INY6,
7502,2153708,INY9,
7502,2153710,XUXE,
7502,2153712,VUJU,
7502,2153714,VULL,
7502,2153716,IDC4,
7502,2153718,BAY1,
7502,2153720,KTX1,
7502,2153722,ADS1,
7502,2153724,AMA1,
7502,2153726,AVP9,
7502,2153728,AWA2,
7502,2153730,BLV2,
7502,2153732,DET7,
7502,2153734,HPX9,
7502,2153736,HIN9,
7502,2153738,VUCH,
7502,2153740,VUCL,
7502,2153742,HCA4,
7502,2153744,LAL4,
7502,2153746,MTN3,
7502,2153748,OLM1,
7502,2153750,PFL3,
7502,2153752,PNE1,
7502,2153754,PPA2,
7502,2153756,RGA1,
7502,2153758,STP2,
7502,2153760,VUAG,
7502,2153762,HCL9,
7502,2153764,HME9,
7502,2153766,HSL9,
7502,2153768,MAC4,
7502,2153770,MAK3,
7502,2153772,VUAM,
7502,2153774,VUAO,
7502,2153776,VUAH,
7502,2153685,GEG2,
7502,2153687,HNC3,
7502,2153689,HSF6,
7502,2153691,HTN3,
7502,2153693,HWA4,
7502,2153695,01-Jan,
7502,2153697,IUSE,
7502,2153699,MAF7,
7502,2153701,MAE3,
7502,2153703,INY1,
7502,2153705,INY5,
7502,2153707,INY7,
7502,2153709,ILG2,
7502,2153711,IDT1,
7502,2153713,VUGX,
7502,2153715,VUJL,
7502,2153717,VUFC,
7502,2153719,CHS4,
7502,2153721,KTX2,
7502,2153723,AFW2,
7502,2153725,AUN2,
7502,2153727,AWA1,
7502,2153729,BDU2,
7502,2153731,DEN8,
7502,2153733,DEV4,
7502,2153735,HHO9,
7502,2153737,HLU9,
7502,2153739,VUJK,
7502,2153741,GEU1,
7502,2153743,HSH1,
7502,2153745,MEM8,
7502,2153747,OGD1,
7502,2153749,PDK2,
7502,2153751,PKC1,
7502,2153753,POH2,
7502,2153755,RAC2,
7502,2153757,SDL2,
7502,2153759,IUSK,
7502,2153761,VUAF,
7502,2153763,HDS9,
7502,2153765,HMS9,
7502,2153767,MAG4,
7502,2153769,MAF6,
7502,2153771,VUAK,
7502,2153773,VUAN,
7502,2153775,VUAP,
7502,2153777,VUAI,
7502,2153779,VUAL,
7502,2153781,VUAE,
7502,2153783,VUBN,
7502,2153785,VUAQ,
7502,2153787,VUAU,
7502,2153789,VUAX,
7502,2153791,VUCO,
7502,2153793,VUTI,
7502,2153795,IBF2,
7502,2153797,ROC1,
7502,2153799,SAV4,
7502,2153801,SCK6,
7502,2153803,SMO2,
7502,2153805,STC2,
7502,2153807,TTN6,
7502,2153809,IUSM,
7502,2153811,YEG2,
7502,2153813,MAM7,
7502,2153815,MAJ2,
7502,2153817,MAH8,
7502,2153819,VUBQ,
7502,2153821,GCA4,
7502,2153823,RJY3,
7502,2153825,JHW1,
7502,2153827,KRB6,
7502,2153829,PAE2,
7502,2153831,RDU2,
7502,2153833,MCE1,
7502,2153835,PMD1,
7502,2153837,RIM2,
7502,2153839,RIM3,
7502,2153841,RJY4,
7502,2153843,KOH2,
7502,2153845,KOH8,
7502,2152641,"Avenida Antonio Candido Machado, S/N",
7502,2152643,"Amazon Canada Fulfillment Services, Inc.",
7502,2152645,"Amazon Canada Fulfillment Services, Inc.",
7502,2152647,"Amazon Canada Fulfillment Services, Inc.",
7502,2152649,"Amazon.com.ca, Inc",
7502,2152651,"Amazon Canada Fulfillment Services, Inc.",
7502,2152653,"Amazon Canada Fulfillment Services, Inc.",
7502,2152655,"XCAC DHL 3PL Toronto, ON",
7502,2152657,Ocean East International Logistics,
7502,2152659,Servicios Comerciales Amazon Mexico S. de R.L. de C.V.,
7502,2152661,Servicios Comerciales Amazon Mexico S. de R.L. de C.V.,
7502,2152663,SMOA - PEDIDOSCOM,
7502,2152665,Welldex XBPS Node,
7502,2152667,SUHD - Hinson Motorsports,
7502,2152669,Amazon.com.azdc LLC,
7502,2152671,Amazon.com.azdc LLC,
7502,2152673,Amazon.com.azdc LLC,
7502,2152675,Amazon.com.azdc LLC,
7502,2152677,Treasure Truck Node,
7502,2152679,SUBJ - Walker Bookstore,
7502,2152681,Amazon.com.azdc LLC,
7502,2152683,Golden State FC LLC,
7502,2152685,SUPL - BTExpert,
7502,2152687,SUFC - ocpower,
7502,2152689,Treasure Truck TCA0 Node,
7502,2152691,Amazon.com.dedc LLC,
7502,2152693,SUAR,
7502,2152695,NFI 3PL CHINO II: (746)/ (XBC1),
7502,2152697,Amazon.com.dedc LLC,
7502,2152699,Golden State FC LLC,
7502,2152701,Golden State FC LLC,
7502,2152703,Amazon.com.indc LLC,
7502,2152705,VUBH,
7502,2152707,SUHW - Koyal Wholesale,
7502,2152709,SUOO - GLVSS,
7502,2152711,Amazon.com.dedc LLC,
7502,2152713,Amazon.com.dedc LLC,
7502,2152715,Amazon.com.dedc LLC,
7502,2152717,Amazon.com.dedc LLC,
7502,2152719,Amazon.com.kydc LLC,
7502,2152721,UCA5,
7502,2152723,Amazon Nestle Vendor Flex CA,
7502,2152725,Golden State FC LLC,
7502,2152727,Amazon.com.dedc LLC,
7502,2152729,DataAlchemy,
7502,2152731,Innovel,
7502,2152733,VUVB - Microsoft VF CA,
7502,2152735,"VUWH - Hills Pets (Ontario, CA)",
7502,2152737,VUGK,
7502,2152739,LAX8,
7502,2152741,Golden State FC LLC,
7502,2152743,Amazon Fulfillment Services,
7502,2152745,Golden State FC LLC,
7502,2152747,LGB8,
7502,2152749,LGB6,
7502,2152751,Treasure Truck Node,
7502,2152753,Golden State FC LLC,
7502,2152755,Golden State FC LLC,
7502,2152757,Golden State FC LLC,
7502,2152759,VUBJ - Mattel San Bern CA,
7502,2152761,Treasure Truck Node,
7502,2152763,ReCommerce 3PL,
7502,2152765,Golden State FC LLC,
7502,2152767,TCA7,
7502,2152769,Golden State FC LLC,
7502,2152771,Amazon Vendor Central,
7502,2152773,Amazon.com.indc LLC,
7502,2152775,SUFA,
7502,2152777,SMF2,
7502,2152779,HCA7,
7502,2152781,PCA3,
7502,2152783,IST1,
7502,2152785,HCA8,
7502,2152787,Amazon.com.dedc LLC,
7502,2152789,Innovel DENVER - LSC,
7502,2152791,UCO1,
7502,2152793,SUEA,
7502,2152795,LGB7,
7502,2152797,Amazon.com.dedc LLC,
7502,2152799,Amazon.com.dedc LLC,
7502,2152801,Amazon.com.dedc LLC,
7502,2152803,SUPP - Longhorn Distribution,
7502,2152805,SUHC- Avalanche Brands,
7502,2152807,Amazon.com.dedc LLC,
7502,2152809,JAX3,
7502,2152811,Amazon.com.dedc LLC,
7502,2152813,Treasure Truck Node,
7502,2152815,MIA7,
7502,2152817,SUJA - BodyJ4You,
7502,2152819,Amazon.com.dedc LLC,
7502,2152821,Amazon.com.dedc LLC,
7502,2152823,SUAV,
7502,2152825,SUAQ,
7502,2152827,Amazon.com.dedc LLC,
7502,2152829,Amazon.com.dedc LLC,
7502,2152831,SUBI,
7502,2152833,CLE3,
7502,2152835,SUGE,
7502,2152837,Amazon.com.dedc LLC,
7502,2152839,Treasure Truck Node,
7502,2152841,Amazon Nestle Vendor Flex CA,
7502,2152843,SUAG -Nayked Apparel,
7502,2152845,MGE7,
7502,2152847,Amazon.com.dedc LLC,
7502,2152849,Amazon.com.dedc LLC,
7502,2152851,Amazon.com.dedc LLC,
7502,2152853,SAV3,
7502,2152855,Amazon.com.dedc LLC,
7502,2152857,Golden State FC LLC,
7502,2152859,SULE- Innova Supply,
7502,2152861,VUAT,
7502,2152863,HGA3,
7502,2152865,Amazon Fulfillment Services,
7502,2152867,Amazon.com.dedc LLC,
7502,2152869,Amazon.com.dedc LLC,
7502,2152871,Amazon.com.dedc LLC,
7502,2152873,SUGD- BW Skin Care Inc,
7502,2152875,Amazon.com.dedc LLC,
7502,2152877,Amazon.com.dedc LLC,
7502,2152879,Amazon.com.dedc LLC,
7502,2152881,SUEJ - Good as New Electronics,
7502,2152883,Amazon.com.dedc LLC,
7502,2152885,Amazon.com.dedc LLC,
7502,2152887,Amazon.com.dedc LLC,
7502,2152889,SUPG,
7502,2152891,SUSF,
7502,2152893,UIL2,
7502,2152895,SUEI - OWC,
7502,2152897,VUHA,
7502,2152899,Amazon.com.indc LLC,
7502,2152901,PIN1 - Indianapolis,
7502,2152903,PISA,
7502,2152905,VUQF - J&J IN,
7502,2152907,VUQH - NicePak IN,
7502,2152909,Amazon.com.indc LLC,
7502,2152911,Amazon.com.dedc LLC,
7502,2152913,Amazon.com.indc LLC,
7502,2152915,7760 W Morris Street,
7502,2152917,Amazon.com.kydc LLC,
7502,2152919,Amazon.com.ksdc LLC,
7502,2152921,Amazon.com.kydc LLC,
7502,2152923,Amazon.com.kydc LLC,
7502,2152925,SUDB - DragonMarts,
7502,2152927,Amazon.com.kydc LLC,
7502,2152929,Amazon.com.kydc LLC,
7502,2152931,Amazon.com.kydc LLC,
7502,2152933,SU2A,
7502,2152935,Amazon.com.kydc LLC,
7502,2152937,Amazon.com.kydc LLC,
7502,2152939,VUVC - Microsoft VF KY,
7502,2152941,PISC,
7502,2152943,Amazon.com.kydc LLC,
7502,2152945,Amazon.com.dedc LLC,
7502,2152947,Amazon.com.dedc LLC,
7502,2152949,SUSL - Direct Premium Buys,
7502,2152951,Amazon.com.kydc LLC,
7502,2152953,SUHM,
7502,2152955,Amazon.com.kydc LLC,
7502,2152957,XUSP - 3PL Kuehne-Nagel,
7502,2152959,Treasure Truck Node,
7502,2152961,Amazon.com.dedc LLC,
7502,2152963,DCA1,
7502,2152965,SUSI - KnifeCountryUSA,
7502,2152967,DET1,
7502,2152969,DET2,
7502,2152971,SUHH,
7502,2152973,SUHV - Bare Home,
7502,2152975,AmazonFresh LLC,
7502,2152977,Amazon.com.nvdc LLC,
7502,2152979,VUPV - RB MO,
7502,2152981,SUHL,
7502,2152983,CLT3,
7502,2152985,SUSG,
7502,2152987,SUHI,
7502,2152989,VFSN - Spartan Nash Fresh Flex,
7502,2152991,BUF9,
7502,2152993,SUOM - Marketfair Stationery,
7502,2152995,Amazon.com.dedc LLC,
7502,2152997,Amazon.com.dedc LLC,
7502,2152999,Amazon.com.dedc LLC,
7502,2153001,Amazon.com.dedc LLC,
7502,2153003,SUEG,
7502,2153005,Amazon.com.dedc LLC,
7502,2153007,Amazon.com.nvdc LLC,
7502,2153009,TEB3,
7502,2153011,SUPH,
7502,2153013,SUMA - aSavings,
7502,2153015,SUWB - DealFisher,
7502,2153017,PNE2,
7502,2153019,VUME - Drive Medical VF NJ,
7502,2153021,IVSD,
7502,2153023,IVSC,
7502,2153025,LAS6,
7502,2153027,IVSE,
7502,2153029,Amazon.com.nvdc LLC,
7502,2153031,Treasure Truck Node,
7502,2153033,SUAZ - Under Moments,
7502,2153035,SUOP - BestSource OfficeSupplies,
7502,2153037,SUOG - The Mega Deals,
7502,2153039,JFK2,
7502,2153041,SUEB- Spy Tec,
7502,2153043,SUGA,
7502,2153045,Amazon.com.dedc LLC,
7502,2153047,Amazon.com.kydc LLC,
7502,2153049,Amazon.com.kydc LLC,
7502,2153051,Amazon.com.dedc LLC,
7502,2153053,Innovel COLUMBUS - DDC,
7502,2153055,Amazon.com.dedc LLC,
7502,2153057,SUPC,
7502,2153059,CMH3,
7502,2153061,VUHG - Interdesign OH,
7502,2153063,SUJE - Inktastic,
7502,2153065,CLE2,
7502,2153067,SUOW - PLUS Corporation of America,
7502,2153069,SUAY - Little Family Members,
7502,2153071,Amazon.com.dedc LLC,
7502,2153073,HIO9,
7502,2153075,PDX7,
7502,2153077,Amazon Nestle Vendor Flex CA,
7502,2153079,Amazon.com.dedc LLC,
7502,2153081,Amazon.com.dedc LLC,
7502,2153083,Amazon.com.dedc LLC,
7502,2153085,VUGL - Pepsi PA,
7502,2153087,Amazon.com.dedc LLC,
7502,2153089,Amazon.com.kydc LLC,
7502,2153091,VUQE - First Quality PA,
7502,2153093,Amazon.com.dedc LLC,
7502,2153095,Amazon.com.dedc LLC,
7502,2153097,SUOR - LD Products,
7502,2153099,Amazon.com.dedc LLC,
7502,2153101,SUAH - Nayked Apparel,
7502,2153103,SUOY - E2W Distribution,
7502,2153105,Amazon.com.dedc LLC,
7502,2153107,Penguin Group Inc,
7502,2153109,Amazon.com.dedc LLC,
7502,2153111,VUBF,
7502,2153113,SULF - ShipIQ,
7502,2153115,Amazon.com.dedc LLC,
7502,2153117,Amazon.com.dedc LLC,
7502,2153119,Amazon.com.dedc LLC,
7502,2153121,Amazon.com.dedc LLC,
7502,2153123,Innovel OLIVE BRANCH/MEMPHIS-DDC,
7502,2153125,TTN1,
7502,2153127,XSP1,
7502,2153129,Amazon.com.dedc LLC,
7502,2153131,HOU3,
7502,2153133,Amazon.com.kydc LLC,
7502,2153135,SUHT - GOVERRE,
7502,2153137,FTW7 - Coppell,
7502,2153139,Amazon.com.kydc LLC,
7502,2153141,FTW8 - Dallas,
7502,2153143,SUSE,
7502,2153145,Amazon.com.kydc LLC,
7502,2153147,Amazon.com.kydc LLC,
7502,2153149,Amazon.com.kydc LLC,
7502,2153151,VUBI - Mattel Forth Worth,
7502,2153153,Amazon.com.kydc LLC,
7502,2153155,Amazon fulfillment services,
7502,2153157,Treasure Truck Node,
7502,2153159,Amazon.com.kydc LLC,
7502,2153161,SUOF - My Office Innovations,
7502,2153163,SUBG,
7502,2153165,Amazon.com.dedc LLC,
7502,2153167,Treasure Truck Node,
7502,2153169,Amazon.com.kydc LLC,
7502,2153171,SUGB,
7502,2153173,SLC1,
7502,2153175,SUCE - Focus Camera,
7502,2153177,SULU- Seven Times Six,
7502,2153179,Amazon.com.kydc LLC,
7502,2153181,Amazon.com.kydc LLC,
7502,2153183,BWI1,
7502,2153185,RIC9,
7502,2153187,ISE2,
7502,2153189,Amazon.com.dedc LLC,
7502,2153191,SUNA - E2W Distribution,
7502,2153193,Amazon.com.dedc LLC,
7502,2153195,Amazon.com.dedc LLC,
7502,2153197,ISE8,
7502,2153199,Amazon.com.dedc LLC,
7502,2153201,Treasure Truck Node,
7502,2153203,Amazon.com.dedc LLC,
7502,2153205,Amazon.com.dedc LLC,
7502,2153207,SUXC - Amazon Test Site,
7502,2153209,SUZB,
7502,2153211,Amazon Retail LLC,
7502,2153213,Amazon.com.dedc LLC,
7502,2153215,Amazon.com.dedc LLC,
7502,2153217,Port of Tacoma,
7502,2153219,Amazon.com.dedc LLC,
7502,2153221,ShopBop,
7502,2153223,SUPB- Big Dot of Happiness,
7502,2153225,VUHF,
7502,2153227,TUS2,
7502,2153229,VAEO - Amazon Employee Outlet,
7502,2153231,VUQM - FQ SC,
7502,2153233,PPH3- Amazon Prime Now,
7502,2153235,ICH5-Amazon Go,
7502,2153237,DEV1,
7502,2153239,FTW9,
7502,2153241,SIL1,
7502,2153243,STN1,
7502,2153245,SWA1,
7502,2153247,XIX4,
7502,2153249,XBRA,
7502,2153251,ACY2,
7502,2153253,CMH4,
7502,2153255,OKC1,
7502,2153257,MDT3,
7502,2153259,CLT4,
7502,2153261,RIC3,
7502,2153263,STL8,
7502,2153265,SFO3,
7502,2153267,JAX6,
7502,2153269,IND9,
7502,2153271,DAL3,
7502,2153273,YYZ7,
7502,2153275,YOW1,
7502,2153277,KTO7,
7502,2153279,KUS3,
7502,2153281,VUCB,
7502,2153283,TNC1,
7502,2153285,IUSA,
7502,2153287,VUWI,
7502,2153289,UMN1,
7502,2153291,UIN1,
7502,2153293,UGA2,
7502,2153295,HCA9,
7502,2153297,IDT1,
7502,2153299,UCA4,
7502,2153301,UCA1,
7502,2153303,UFL4,
7502,2153305,UWA1,
7502,2153307,FDL3,
7502,2153309,UFL7,
7502,2153311,ULA2,
7502,2153313,UNV3,
7502,2153315,UNY3,
7502,2153317,USF3,
7502,2153319,UWA5,
7502,2153321,UOH4,
7502,2153323,UOR2,
7502,2153325,USF1,
7502,2153327,UVA4,
7502,2153329,VUQO,
7502,2153331,AKC1,
7502,2153333,ATL2,
7502,2153335,BFL1,
7502,2153352,SCA5,
7502,2153354,XIX7,
7502,2153356,SDC2,
7502,2153358,SFL3,
7502,2153360,SIL2,
7502,2153362,XBRB,
7502,2153364,SLC2,
7502,2153366,SMD1,
7502,2153368,SNY1,
7502,2153370,ULA6,
7502,2153372,UWA6,
7502,2153374,UVA3,
7502,2153376,UTX2,
7502,2153379,SWA2,
7502,2153381,STX5,
7502,2153383,STX3,
7502,2153385,SNY3,
7502,2153387,YEG1,
7502,2153389,UPA1,
7502,2153391,UCA2,
7502,2153393,UWA2,
7502,2153395,UMD1,
7502,2153397,MAE1,
7502,2153399,ICH2,
7502,2153401,UCA7,
7502,2153403,TMI1,
7502,2153405,TFL5,
7502,2153407,VUCT,
7502,2153409,ICH4,
7502,2153411,KTO3,
7502,2153413,KTO4,
7502,2153415,TPA3,
7502,2153417,BDL6,
7502,2153419,BOI2,
7502,2153421,DAL2,
7502,2153423,DEN7,
7502,2153425,DSM5,
7502,2153427,GYR3,
7502,2153429,JVL1,
7502,2153431,LGB9,
7502,2153433,MEM6,
7502,2153435,ORD2,
7502,2153437,RDG1,
7502,2153439,SCK3,
7502,2153441,XIX8,
7502,2153443,YUL2,
7502,2153445,VUAC,
7502,2153447,MAC1,
7502,2153449,MAB5,
7502,2153451,VUCA,
7502,2153453,BFN1,
7502,2153455,HNE1,
7502,2153457,HSE1,
7502,2153459,SBD3,
7502,2153461,TEN2,
7502,2153463,XBW1,
7502,2153465,XSF1,
7502,2153467,VOA1,
7502,2153469,VUWR,
7502,2153471,VHNA,x991688
7502,2153473,VHNC,
7502,2153475,VHNE,
7502,2153477,MAC7,
7502,2153479,MAB6,
7502,2153481,MAE4,
7502,2153483,ICH3,
7502,2153485,INY4,
7502,2153487,INY6,
7502,2153489,INY7,
7502,2153491,ISF1,
7502,2153493,ISF5,
7502,2153495,ISF3,
7502,2153497,ISE9,
7502,2153499,VUGT,
7502,2153501,HSF9,
7502,2153503,FLJ2,
7502,2153505,HJX9,
7502,2153507,HPH9,
7502,2153509,HCM9,
7502,2153511,HLA9,
7502,2153513,HDT9,
7502,2153515,RSC1,
7502,2153517,MAG3,
7502,2153519,ABQ1,
7502,2153521,AGS2,
7502,2153523,AUS2,
7502,2153525,BFL2,
7502,2153527,DEN4,
7502,2153529,DEV3,
7502,2153531,FAT2,
7502,2153533,FTW5,
7502,2153535,HEA1,
7502,2153537,HGR2,
7502,2153539,HMD3,
7502,2153541,HMW4,
7502,2153543,HOU9,
7502,2153545,HWE2,
7502,2153547,IAH2,
7502,2153549,IGQ1,
7502,2153551,JAX7,
7502,2153553,LIT1,
7502,2153555,MCI2,
7502,2153337,GSO1,
7502,2153339,LAS1,
7502,2153341,MKE2,
7502,2153343,PCW1,
7502,2153345,PSP1,
7502,2153347,SAX1,
7502,2153349,SCA2,
7502,2153351,SCA4,
7502,2153353,SCA6,
7502,2153557,MMU9,
7502,2153559,MTN1,
7502,2153561,OAK9,
7502,2153563,ORF2,
7502,2153565,PBI2,
7502,2153567,SBD1,
7502,2153569,SFL4,
7502,2153571,SIL3,
7502,2153573,SMN1,
7502,2153575,SNJ3,
7502,2153577,SOR3,
7502,2153579,SWF1,
7502,2153581,TEB4,
7502,2153583,TMB8,
7502,2153585,XLX3,
7502,2153587,RPNV,
7502,2153589,RCLJ,
7502,2153591,RTPX,
7502,2153593,VUJC,
7502,2153595,VUH2,
7502,2153597,VUH4,
7502,2153599,VUH6,
7502,2153601,VUH8,
7502,2153603,VUI1,
7502,2153605,VUI3,
7502,2153607,VUI5,
7502,2153609,VUI7,
7502,2153611,VUJ2,
7502,2153613,HEW9,
7502,2153615,VUMF,
7502,2153617,VUTF,
7502,2153619,MAC9,
7502,2153621,MAG6,
7502,2153623,XUXZ,
7502,2153630,TEB9,
7502,2153632,IBF3,
7502,2153634,XUST,
7502,2153636,KRB3,
7502,2153638,LIT2,
7502,2153640,OKC2,
7502,2153642,OXR1,
7502,2153644,POD4,
7502,2153646,SAT4,
7502,2153648,SAX3,
7502,2153650,SAX5,
7502,2153652,SMF7,
7502,2153654,SNC2,
7502,2153656,SNV1,
7502,2153658,SNY5,
7502,2153660,STL3,
7502,2153662,SUT1,
7502,2153664,TON3,
7502,2153666,VGT1,
7502,2153668,ZAP1,
7502,2153670,ZAP3,
7502,2153672,YOO1,
7502,2153674,UNY5,
7502,2153676,ARR1,
7502,2153847,UWR1,
7502,2153849,XUSX,
7502,2153851,ILG9,
7502,2153853,ILG8,
7502,2153855,IBF5,
7502,2153857,KDC1,
7502,2153859,ILS1,
7502,2153861,ILS2,
7502,2153863,HON5,
7502,2153865,NNJ1,
7502,2153867,HUD1,
7502,2153869,HUD2,
7502,2153871,HUD4,
7502,2153873,HUD6,
7502,2153875,MAH8,
7502,2153877,MAF3,
7502,2153879,MAX1,
7502,2153881,MAC0,
7502,2153883,MAI1,
7502,2153885,VAN1,
7502,2153887,VUBU,
7502,2153889,MCI3,
7502,2153891,MDT4,
7502,2153893,MOD3,
7502,2153895,PCA4,
7502,2153897,HAU7,
7502,2153899,BFN2,
7502,2153901,BKL4,
7502,2153903,RFD4,
7502,2153905,SDM4,
7502,2153907,XCH1,
7502,2153909,VUCY,
7502,2153911,XHH2,
7502,2153913,XLX5,
7502,2153915,YYC6,
7502,2153917,VUBW,
7502,2153919,HBO7,
7502,2153921,HFS7,
7502,2153923,HLA7,
7502,2153925,HNY6,
7502,2153927,HNY7,
7502,2153929,HRD7,
7502,2153931,HWA5,
7502,2153933,HIL4,
7502,2153935,GRU9,GRU9
7502,2153937,XCO2,XCO2
7502,2153939,MAB8,
7502,2153941,MAI6,
7502,2153943,MAF4,
7502,2153945,MAK9,
7502,2153947,VUBY,
7502,2153949,VUCI,
7502,2230271,Amazon.com.dedc LLC,OSU1
7502,2230273,Innovel COLUMBUS - DDC,XLAE
7502,2230275,Amazon.com.dedc LLC,CMH1
7502,2230277,SUPC,SUPC
7502,2230279,CMH3,CMH3
7502,2230281,VUHG - Interdesign OH,VUHG
7502,2230283,SUJE - Inktastic,SUJE
7502,2230285,CLE2,CLE2
7502,2230287,SUOW - PLUS Corporation of America,SUOW
7502,2230289,SUAY - Little Family Members,SUAY
7502,2230291,Amazon.com.dedc LLC,VUOL
7502,2230293,HIO9,HIO9
7502,2230295,PDX7,PDX7
7502,2230297,Amazon Nestle Vendor Flex CA,VUGJ
7502,2230299,Amazon.com.dedc LLC,ABE2
7502,2230301,Amazon.com.dedc LLC,MDT1
7502,2230303,Amazon.com.dedc LLC,PHL4
7502,2230305,VUGL - Pepsi PA,VUGL
7502,2230307,Amazon.com.dedc LLC,AVP3
7502,2230309,Amazon.com.kydc LLC,ABE5
7502,2230311,VUQE - First Quality PA,VUQE
7502,2230313,Amazon.com.dedc LLC,PHL5
7502,2230315,Amazon.com.dedc LLC,PPA1
7502,2230317,SUOR - LD Products,SUOR
7502,2230319,Amazon.com.dedc LLC,PEN1
7502,2230321,SUAH - Nayked Apparel,SUAH
7502,2230323,SUOY - E2W Distribution,SUOY
7502,2230325,Amazon.com.dedc LLC,VAVP
7502,2230327,Penguin Group Inc,AVP6
7502,2230329,Amazon.com.dedc LLC,VUPH
7502,2230331,VUBF,VUBF
7502,2230333,SULF - ShipIQ,SULF
7502,2230335,Amazon.com.dedc LLC,GSP1
7502,2230337,Amazon.com.dedc LLC,CAE1
7502,2230339,Amazon.com.dedc LLC,CHA2
7502,2230341,Amazon.com.dedc LLC,BNA1
7502,2230343,Innovel OLIVE BRANCH/MEMPHIS-DDC,XLAJ
7502,2230345,TTN1,TTN1
7502,2230347,XSP1,XSP1
7502,2230349,Amazon.com.dedc LLC,TEX1
7502,2230351,HOU3,HOU3
7502,2230353,Amazon.com.kydc LLC,UTX8
7502,2230355,SUHT - GOVERRE,SUHT
7502,2230357,FTW7 - Coppell,FTW7
7502,2230359,Amazon.com.kydc LLC,FTW1
7502,2230361,FTW8 - Dallas,FTW8
7502,2230363,SUSE,SUSE
7502,2230365,Amazon.com.kydc LLC,DFW1
7502,2230367,Amazon.com.kydc LLC,FTW3
7502,2230369,Amazon.com.kydc LLC,XUSB
7502,2230371,VUBI - Mattel Forth Worth,VUBI
7502,2230373,Amazon.com.kydc LLC,FTW6
7502,2230375,Amazon fulfillment services,ITX2
7502,2230377,Treasure Truck Node,TTX3
7502,2230379,Amazon.com.kydc LLC,HTX2
7502,2230381,SUOF - My Office Innovations,SUOF
7502,2230383,SUBG,SUBG
7502,2230385,Amazon.com.dedc LLC,LBB1
7502,2230387,Treasure Truck Node,TTX5
7502,2230389,Amazon.com.kydc LLC,SAT1
7502,2230391,SUGB,SUGB
7502,2230393,SLC1,SLC1
7502,2230395,SUCE - Focus Camera,SUCE
7502,2230397,SULU- Seven Times Six,SULU
7502,2230399,Amazon.com.kydc LLC,RIC2
7502,2230401,Amazon.com.kydc LLC,RIC1
7502,2230403,BWI1,BWI1
7502,2230405,RIC9,RIC9
7502,2230407,ISE2,ISE2
7502,2230409,Amazon.com.dedc LLC,BFI3
7502,2230411,SUNA - E2W Distribution,SUNA
7502,2230413,Amazon.com.dedc LLC,HWA3
7502,2230415,Amazon.com.dedc LLC,VUPM
7502,2230417,ISE8,ISE8
7502,2230419,Amazon.com.dedc LLC,HWA1
7502,2230421,Treasure Truck Node,TWA0
7502,2230423,Amazon.com.dedc LLC,FSE2
7502,2230425,Amazon.com.dedc LLC,SEA6
7502,2230427,SUXC - Amazon Test Site,SUXC
7502,2230429,SUZB,SUZB
7502,2230431,Amazon Retail LLC,ISE1
7502,2230433,Amazon.com.dedc LLC,BFI1
7502,2230435,Amazon.com.dedc LLC,BFI7
7502,2230437,Port of Tacoma,TIW1
7502,2230439,Amazon.com.dedc LLC,MKE1
7502,2230441,ShopBop,SBX2
7502,2230443,SUPB- Big Dot of Happiness,SUPB
7502,2230445,VUHF,VUHF
7502,2230447,TUS2,TUS2
7502,2230449,VAEO - Amazon Employee Outlet,VAEO
7502,2230451,VUQM - FQ SC,VUQM
7502,2230453,PPH3- Amazon Prime Now,PPH3
7502,2230455,ICH5-Amazon Go,ICH5
7502,2230457,DEV1,DEV1
7502,2230460,FTW9,FTW9
7502,2230462,SIL1,SIL1
7502,2230464,STN1,STN1
7502,2230466,SWA1,SWA1
7502,2230468,XIX4,XIX4
7502,2230470,XBRA,XBRA
7502,2230472,ACY2,ACY2
7502,2230474,CMH4,CMH4
7502,2230476,OKC1,OKC1
7502,2230478,MDT3,MDT3
7502,2230480,CLT4,CLT4
7502,2230482,RIC3,RIC3
7502,2230484,STL8,STL8
7502,2230486,SFO3,SFO3
7502,2230488,JAX6,JAX6
7502,2230490,IND9,IND9
7502,2230492,DAL3,DAL3
7502,2230494,YYZ7,YYZ7
7502,2230496,YOW1,YOW1
7502,2230498,KTO7,KTO7
7502,2230500,KUS3,KUS3
7502,2230502,VUCB,VUCB
7502,2230504,TNC1,TNC1
7502,2230506,IUSA,IUSA
7502,2230508,VUWI,VUWI
7502,2230510,UMN1,UMN1
7502,2230512,UIN1,UIN1
7502,2230514,UGA2,UGA2
7502,2230516,HCA9,HCA9
7502,2230518,IDT1,IDT1
7502,2230520,UCA4,UCA4
7502,2230522,UCA1,UCA1
7502,2230524,UFL4,UFL4
7502,2230526,UWA1,UWA1
7502,2230528,FDL3,FDL3
7502,2230530,UFL7,UFL7
7502,2230532,ULA2,ULA2
7502,2230534,UNV3,UNV3
7502,2230536,UNY3,UNY3
7502,2230538,USF3,USF3
7502,2230540,UWA5,UWA5
7502,2230542,UOH4,UOH4
7502,2230544,UOR2,UOR2
7502,2230546,USF1,USF1
7502,2230548,UVA4,UVA4
7502,2230550,VUQO,VUQO
7502,2230552,AKC1,AKC1
7502,2230554,ATL2,ATL2
7502,2230556,BFL1,BFL1
7502,2230558,GSO1,GSO1
7502,2230560,LAS1,LAS1
7502,2230562,MKE2,MKE2
7502,2230564,PCW1,PCW1
7502,2230566,PSP1,PSP1
7502,2230568,SAX1,SAX1
7502,2230570,SCA2,SCA2
7502,2230572,SCA4,SCA4
7502,2230574,SCA6,SCA6
7502,2230576,SCO1,SCO1
7502,2230578,SFL2,SFL2
7502,2230580,SGA1,SGA1
7502,2230582,SLA5,SLA5
7502,2230584,SLA6,SLA6
7502,2230586,SMA2,SMA2
7502,2230588,SNJ1,SNJ1
7502,2230590,SNY2,SNY2
7502,2230592,USF4,USF4
7502,2230594,UCA9,UCA9
7502,2230596,UTX5,UTX5
7502,2230598,UOR1,UOR1
7502,2230599,TOH1,TOH1
7502,2230601,SVA1,SVA1
7502,2230603,STX4,STX4
7502,2230605,SPA1,SPA1
7502,2230607,TUL2,TUL2
7502,2230609,YYZ9,YYZ9
7502,2230611,UVA1,UVA1
7502,2230613,UIL1,UIL1
7502,2230615,UCA3,UCA3
7502,2230617,MAB1,MAB1
7502,2230619,MAB9,MAB9
7502,2230621,ICH6,ICH6
7502,2230623,UCA8,UCA8
7502,2230625,IBF1,IBF1
7502,2230627,XUXC,XUXC
7502,2230629,VUCG,VUCG
7502,2230631,KNJ2,KNJ2
7502,2230635,VOPE,VOPE
7502,2230637,AZA4,AZA4
7502,2230639,BFI2,BFI2
7502,2230641,CSG1,CSG1
7502,2230643,DCA6,DCA6
7502,2230645,DEV2,DEV2
7502,2230647,GYR1,GYR1
7502,2230649,HOU7,HOU7
7502,2230651,KRB2,KRB2
7502,2230653,MEM4,MEM4
7502,2230655,MQJ1,MQJ1
7502,2230657,QAE1,QAE1
7502,2230659,SBD2,SBD2
7502,2230661,TPA6,TPA6
7502,2230663,XLX1,XLX1
7502,2230665,INY3,INY3
7502,2230667,MQJ2,MQJ2
7502,2230669,MAB4,MAB4
7502,2230671,VUCF,VUCF
7502,2230673,FDP1,FDP1
7502,2230675,HMW1,HMW1
7502,2230677,HNW1,HNW1
7502,2230679,RDG2,RDG2
7502,2230681,TEN1,TEN1
7502,2230683,TTN2,TTN2
7502,2230685,XEW2,XEW2
7502,2230687,XLA2,XLA2
7502,2230689,YTZ1,YTZ1
7502,2230691,KPA1,KPA1
7502,2230693,VHNB,VHNB
7502,2230695,VHND,VHND
7502,2230697,VHNF,VHNF
7502,2230699,MAB2,MAB2
7502,2230701,MAE6,MAE6
7502,2230703,ICH1,ICH1
7502,2230705,INY1,INY1
7502,2230707,ILG2,ILG2
7502,2230709,INY9,INY9
7502,2230711,INY5,INY5
7502,2230713,ISF2,ISF2
7502,2230715,ISF4,ISF4
7502,2230717,ISE7,ISE7
7502,2230719,XUXD,XUXD
7502,2230721,XUSI,XUSI
7502,2230723,FLJ1,FLJ1
7502,2230725,XUSS,XUSS
7502,2230727,HDA9,HDA9
7502,2230729,HPD9,HPD9
7502,2230731,HAT9,HAT9
7502,2230733,HRC9,HRC9
7502,2230735,HTP9,HTP9
7502,2230737,MAB3,MAB3
7502,2230739,MAC2,MAC2
7502,2230741,AGS1,AGS1
7502,2230743,ASH1,ASH1
7502,2230745,AUS3,AUS3
7502,2230747,BUR7,BUR7
7502,2230749,DET3,DET3
7502,2230751,DPA7,DPA7
7502,2230753,FOE1,FOE1
7502,2230755,GYR2,GYR2
7502,2230757,HEA2,HEA2
7502,2230759,HIL3,HIL3
7502,2230861,HMW3,HMW3
7502,2230863,HOU6,HOU6
7502,2230865,HWE1,HWE1
7502,2230867,IAH1,IAH1
7502,2230869,ICT2,ICT2
7502,2230871,IGQ2,IGQ2
7502,2230873,KRB4,KRB4
7502,2230875,LUK7,LUK7
7502,2230877,MEM3,MEM3
7502,2230879,MQY1,MQY1
7502,2230881,MTN7,MTN7
7502,2230883,ORD5,ORD5
7502,2230885,ORF3,ORF3
7502,2230887,SAN3,SAN3
7502,2230889,SCK4,SCK4
7502,2230891,SGA2,SGA2
7502,2230893,SMF6,SMF6
7502,2230895,SNJ2,SNJ2
7502,2230897,SOH1,SOH1
7502,2230899,STX6,STX6
7502,2230901,SYR1,SYR1
7502,2230903,TEN3,TEN3
7502,2230905,XLX2,XLX2
7502,2230907,XLX4,XLX4
7502,2230909,RRPR,RRPR
7502,2230911,RPNC,RPNC
7502,2230913,IBF7,IBF7
7502,2230915,VUH1,VUH1
7502,2230917,VUH3,VUH3
7502,2230919,VUH5,VUH5
7502,2230921,VUH7,VUH7
7502,2230923,VUH9,VUH9
7502,2230925,VUI2,VUI2
7502,2230927,VUI4,VUI4
7502,2230929,VUI6,VUI6
7502,2230931,VUI8,VUI8
7502,2230933,VURY,VURY
7502,2230935,YOW3,YOW3
7502,2230937,USD1,USD1
7502,2230939,MAG1,MAG1
7502,2230941,MAF4,MAF4
7502,2230943,MAF1,MAF1
7502,2230945,KCA6,KCA6
7502,2230947,KGA6,KGA6
7502,2230949,KIL6,KIL6
7502,2230951,KMA6,KMA6
7502,2230953,KTX6,KTX6
7502,2230955,SNC3,SNC3
7502,2230957,UNY4,UNY4
7502,2230959,XUSW,XUSW
7502,2230962,LFT1,LFT1
7502,2230964,MSP6,MSP6
7502,2230966,OMA2,OMA2
7502,2230968,POD1,POD1
7502,2230970,RAD1,RAD1
7502,2230972,SAT6,SAT6
7502,2230974,SAX4,SAX4
7502,2230976,SIN9,SIN9
7502,2230978,SMI1,SMI1
7502,2230981,SNY4,SNY4
7502,2230983,SOH2,SOH2
7502,2230985,STX7,STX7
7502,2230987,SWI1,SWI1
7502,2230989,TPA4,TPA4
7502,2230991,VGT2,VGT2
7502,2230993,ZAP2,ZAP2
7502,2230995,YHM1,YHM1
7502,2230997,YXX2,YXX2
7502,2230999,VUJE,VUJE
7502,2231001,ASH2,ASH2
7502,2231003,BFI9,BFI9
7502,2231005,DTW3,DTW3
7502,2231007,FAR1,FAR1
7502,2231009,GEG2,GEG2
7502,2231011,HNC3,HNC3
7502,2231013,HSF6,HSF6
7502,2231015,HTN3,HTN3
7502,2231017,HWA4,HWA4
7502,2231019,01-Jan,01-Jan
7502,2231021,IUSE,IUSE
7502,2231023,MAF7,MAF7
7502,2231025,MAE3,MAE3
7502,2231029,VUGX,VUGX
7502,2231031,VUJL,VUJL
7502,2231033,VUFC,VUFC
7502,2231035,CHS4,CHS4
7502,2231037,KTX2,KTX2
7502,2231039,AFW2,AFW2
7502,2231041,AUN2,AUN2
7502,2231043,AWA1,AWA1
7502,2231045,BDU2,BDU2
7502,2231047,DEN8,DEN8
7502,2231049,DEV4,DEV4
7502,2231051,HHO9,HHO9
7502,2231053,HLU9,HLU9
7502,2231055,VUJK,VUJK
7502,2231057,GEU1,GEU1
7502,2231059,HSH1,HSH1
7502,2231061,MEM8,MEM8
7502,2231063,OGD1,OGD1
7502,2231065,PDK2,PDK2
7502,2231067,PKC1,PKC1
7502,2231069,POH2,POH2
7502,2231071,RAC2,RAC2
7502,2231073,SDL2,SDL2
7502,2231075,IUSK,IUSK
7502,2231077,VUAF,VUAF
7502,2231079,HDS9,HDS9
7502,2231081,HMS9,HMS9
7502,2231083,MAG4,MAG4
7502,2231085,MAF6,MAF6
7502,2231087,VUAK,VUAK
7502,2231089,VUAN,VUAN
7502,2231091,VUAP,VUAP
7502,2231093,VUAI,VUAI
7502,2231095,VUAL,VUAL
7502,2231097,VUAE,VUAE
7502,2231099,VUBN,VUBN
7502,2231101,VUAQ,VUAQ
7502,2231103,VUAU,VUAU
7502,2231105,VUAX,VUAX
7502,2231107,VUCO,VUCO
7502,2231109,VUTI,VUTI
7502,2231111,IBF2,IBF2
7502,2231113,ROC1,ROC1
7502,2231115,SAV4,SAV4
7502,2231117,SCK6,SCK6
7502,2231119,SMO2,SMO2
7502,2231121,STC2,STC2
7502,2231123,TTN6,TTN6
7502,2231125,IUSM,IUSM
7502,2231127,YEG2,YEG2
7502,2231129,MAM7,MAM7
7502,2231131,MAJ2,MAJ2
7502,2231133,MAH8,MAH8
7502,2231135,VUBQ,VUBQ
7502,2231137,GCA4,GCA4
7502,2231139,RJY3,RJY3
7502,2231141,JHW1,JHW1
7502,2231143,KRB6,KRB6
7502,2231145,PAE2,PAE2
7502,2231147,RDU2,RDU2
7502,2231149,MCE1,MCE1
7502,2231151,PMD1,PMD1
7502,2231153,RIM2,RIM2
7502,2231155,RIM3,RIM3
7502,2231157,RJY4,RJY4
7502,2231159,KOH2,KOH2
7502,2231161,KOH8,KOH8
7502,2231163,UWR1,UWR1
7502,2231165,XUSX,XUSX
7502,2231167,ILG9,ILG9
7502,2231169,ILG8,ILG8
7502,2231171,IBF5,IBF5
7502,2231173,KDC1,KDC1
7502,2231175,ILS1,ILS1
7502,2231177,ILS2,ILS2
7502,2231179,HON5,HON5
7502,2231181,NNJ1,NNJ1
7502,2231183,HUD1,HUD1
7502,2231185,HUD2,HUD2
7502,2231187,HUD4,HUD4
7502,2231189,HUD6,HUD6
7502,2231191,MAF3,MAF3
7502,2231193,MAX1,MAX1
7502,2231195,MAC0,MAC0
7502,2231197,MAI1,MAI1
7502,2231199,VAN1,VAN1
7502,2231201,VUBU,VUBU
7502,2231203,MCI3,MCI3
7502,2231205,MDT4,MDT4
7502,2231207,MOD3,MOD3
7502,2231209,PCA4,PCA4
7502,2231211,HAU7,HAU7
7502,2231213,BFN2,BFN2
7502,2231215,BKL4,BKL4
7502,2231217,RFD4,RFD4
7502,2231219,SDM4,SDM4
7502,2231221,XCH1,XCH1
7502,2231223,VUCY,VUCY
7502,2231225,XHH2,XHH2
7502,2231227,XLX5,XLX5
7502,2231229,YYC6,YYC6
7502,2231231,VUBW,VUBW
7502,2231233,HBO7,HBO7
7502,2231235,HFS7,HFS7
7502,2231237,HLA7,HLA7
7502,2231239,HNY6,HNY6
7502,2231241,HNY7,HNY7
7502,2231243,HRD7,HRD7
7502,2231245,HWA5,HWA5
7502,2231247,HIL4,HIL4
7502,2231249,MAB8,MAB8
7502,2231251,MAI6,MAI6
7502,2231254,MAK9,MAK9
7502,2231256,VUBY,VUBY
7502,2231258,VUCI,VUCI
7502,2229859,Amazon.com Accounts Payable,Bill-to Address
7502,2229861,"Avenida Antonio Candido Machado, S/N",GRU5
7502,2229863,"Amazon Canada Fulfillment Services, Inc.",YYC1
7502,2229865,"Amazon Canada Fulfillment Services, Inc.",YVR2
7502,2229867,"Amazon Canada Fulfillment Services, Inc.",YYZ3
7502,2229869,"Amazon.com.ca, Inc",YYZ4
7502,2229871,"Amazon Canada Fulfillment Services, Inc.",YYZ2
7502,2229873,"Amazon Canada Fulfillment Services, Inc.",YYZ1
7502,2229875,"XCAC DHL 3PL Toronto, ON",XCAC
7502,2229877,Ocean East International Logistics,KUS1
7502,2229879,Servicios Comerciales Amazon Mexico S. de R.L. de C.V.,VMEX
7502,2229881,Servicios Comerciales Amazon Mexico S. de R.L. de C.V.,MEX3
7502,2229883,SMOA - PEDIDOSCOM,SMOA
7502,2229885,Welldex XBPS Node,IMXH
7502,2229887,SUHD - Hinson Motorsports,SUHD
7502,2229889,Amazon.com.azdc LLC,PHX5
7502,2229891,Amazon.com.azdc LLC,PHX7
7502,2229893,Amazon.com.azdc LLC,TFC1
7502,2229895,Amazon.com.azdc LLC,AZA6
7502,2229897,Treasure Truck Node,TAZ1
7502,2229899,SUBJ - Walker Bookstore,SUBJ
7502,2229901,Amazon.com.azdc LLC,PHX9
7502,2229903,Golden State FC LLC,OAK8
7502,2229905,SUPL - BTExpert,SUPL
7502,2229907,SUFC - ocpower,SUFC
7502,2229909,Treasure Truck TCA0 Node,TCA0
7502,2229911,Amazon.com.dedc LLC,VUKF
7502,2229913,SUAR,SUAR
7502,2229915,NFI 3PL CHINO II: (746)/ (XBC1),XBC1
7502,2229917,Amazon.com.dedc LLC,DAV1
7502,2229919,Golden State FC LLC,LGB3
7502,2229921,Golden State FC LLC,SNA9
7502,2229923,Amazon.com.indc LLC,VUBG
7502,2229925,VUBH,VUBH
7502,2229927,SUHW - Koyal Wholesale,SUHW
7502,2229929,SUOO - GLVSS,SUOO
7502,2229931,Amazon.com.dedc LLC,IRV1
7502,2229933,Amazon.com.dedc LLC,CSD1
7502,2229935,Amazon.com.dedc LLC,LGB2
7502,2229937,Amazon.com.dedc LLC,BUR2
7502,2229939,Amazon.com.kydc LLC,LAX6
7502,2229941,UCA5,UCA5
7502,2229943,Amazon Nestle Vendor Flex CA,VUGE
7502,2229945,Golden State FC LLC,ONT6
7502,2229947,Amazon.com.dedc LLC,VUPG
7502,2229949,DataAlchemy,SUBV
7502,2229951,Innovel,XLAA
7502,2229953,VUVB - Microsoft VF CA,VUVB
7502,2229955,"VUWH - Hills Pets (Ontario, CA)",VUWH
7502,2229957,VUGK,VUGK
7502,2229959,LAX8,LAX8
7502,2229961,Golden State FC LLC,LGB4
7502,2229963,Amazon Fulfillment Services,XUSV
7502,2229965,Golden State FC LLC,SNA4
7502,2229967,LGB8,LGB8
7502,2229969,LGB6,LGB6
7502,2229971,Treasure Truck Node,TCA9
7502,2229973,Golden State FC LLC,SNA8
7502,2229975,Golden State FC LLC,ONT2
7502,2229977,Golden State FC LLC,ONT7
7502,2229979,VUBJ - Mattel San Bern CA,VUBJ
7502,2229981,Treasure Truck Node,TCA6
7502,2229983,ReCommerce 3PL,RELO
7502,2229985,Golden State FC LLC,XUSD
7502,2229987,TCA7,TCA7
7502,2229989,Golden State FC LLC,OAK6
7502,2229991,Amazon Vendor Central,PCA1
7502,2229993,Amazon.com.indc LLC,VUBD
7502,2229995,SUFA,SUFA
7502,2229997,SMF2,SMF2
7502,2229999,HCA7,HCA7
7502,2230001,PCA3,PCA3
7502,2230003,IST1,IST1
7502,2230005,HCA8,HCA8
7502,2230007,Amazon.com.dedc LLC,UCO2
7502,2230009,Innovel DENVER - LSC,XLAK
7502,2230011,UCO1,UCO1
7502,2230013,SUEA,SUEA
7502,2230015,LGB7,LGB7
7502,2230017,Amazon.com.dedc LLC,CON1
7502,2230019,Amazon.com.dedc LLC,BDL1
7502,2230021,Amazon.com.dedc LLC,PHL1
7502,2230023,SUPP - Longhorn Distribution,SUPP
7502,2230025,SUHC- Avalanche Brands,SUHC
7502,2230027,Amazon.com.dedc LLC,PFL1
7502,2230029,JAX3,JAX3
7502,2230031,Amazon.com.dedc LLC,TPA2
7502,2230033,Treasure Truck Node,TFL2
7502,2230035,MIA7,MIA7
7502,2230037,SUJA - BodyJ4You,SUJA
7502,2230039,Amazon.com.dedc LLC,CFL1
7502,2230041,Amazon.com.dedc LLC,MCO6
7502,2230043,SUAV,SUAV
7502,2230045,SUAQ,SUAQ
7502,2230047,Amazon.com.dedc LLC,TPA1
7502,2230049,Amazon.com.dedc LLC,UFL3
7502,2230051,SUBI,SUBI
7502,2230053,CLE3,CLE3
7502,2230055,SUGE,SUGE
7502,2230057,Amazon.com.dedc LLC,GAT1
7502,2230059,Treasure Truck Node,TJA2
7502,2230061,Amazon Nestle Vendor Flex CA,VUGH
7502,2230063,SUAG -Nayked Apparel,SUAG
7502,2230065,MGE7,MGE7
7502,2230067,Amazon.com.dedc LLC,VUKG
7502,2230069,Amazon.com.dedc LLC,MGE3
7502,2230071,Amazon.com.dedc LLC,ATL8
7502,2230073,SAV3,SAV3
7502,2230075,Amazon.com.dedc LLC,VUPN
7502,2230077,Golden State FC LLC,VUTE
7502,2230079,SULE- Innova Supply,SULE
7502,2230081,VUAT,VUAT
7502,2230083,HGA3,HGA3
7502,2230085,Amazon Fulfillment Services,XUSN
7502,2230087,Amazon.com.dedc LLC,CMI1
7502,2230089,Amazon.com.dedc LLC,HIL1
7502,2230091,Amazon.com.dedc LLC,CHI1
7502,2230093,SUGD- BW Skin Care Inc,SUGD
7502,2230095,Amazon.com.dedc LLC,STL6
7502,2230097,Amazon.com.dedc LLC,VUPS
7502,2230099,Amazon.com.dedc LLC,XIX1
7502,2230101,SUEJ - Good as New Electronics,SUEJ
7502,2230103,Amazon.com.dedc LLC,MDW4
7502,2230105,Amazon.com.dedc LLC,MDW7
7502,2230107,Amazon.com.dedc LLC,MDW6
7502,2230109,SUPG,SUPG
7502,2230111,SUSF,SUSF
7502,2230113,UIL2,UIL2
7502,2230115,SUEI - OWC,SUEI
7502,2230117,VUHA,VUHA
7502,2230119,Amazon.com.indc LLC,IND7
7502,2230121,PIN1 - Indianapolis,PIN1
7502,2230123,PISA,PISA
7502,2230125,VUQF - J&J IN,VUQF
7502,2230127,VUQH - NicePak IN,VUQH
7502,2230129,Amazon.com.indc LLC,IND3
7502,2230131,Amazon.com.dedc LLC,PUR1
7502,2230133,Amazon.com.indc LLC,XUSE
7502,2230135,7760 W Morris Street,IND8
7502,2230137,Amazon.com.kydc LLC,MKC4
7502,2230139,Amazon.com.ksdc LLC,MKC6
7502,2230141,Amazon.com.kydc LLC,SDF1
7502,2230143,Amazon.com.kydc LLC,CVG8
7502,2230145,SUDB - DragonMarts,SUDB
7502,2230147,Amazon.com.kydc LLC,PICV
7502,2230149,Amazon.com.kydc LLC,CVG7
7502,2230151,Amazon.com.kydc LLC,CVG3
7502,2230153,SU2A,SU2A
7502,2230155,Amazon.com.kydc LLC,LEX1
7502,2230157,Amazon.com.kydc LLC,SDF2
7502,2230159,VUVC - Microsoft VF KY,VUVC
7502,2230161,PISC,PISC
7502,2230163,Amazon.com.kydc LLC,SDF6
7502,2230165,Amazon.com.dedc LLC,MAS1
7502,2230167,Amazon.com.dedc LLC,UMA3
7502,2230169,SUSL - Direct Premium Buys,SUSL
7502,2230171,Amazon.com.kydc LLC,BOS6
7502,2230173,SUHM,SUHM
7502,2230175,Amazon.com.kydc LLC,XUSL
7502,2230177,XUSP - 3PL Kuehne-Nagel,XUSP
7502,2230179,Treasure Truck Node,TMD1
7502,2230181,Amazon.com.dedc LLC,MDT2
7502,2230183,DCA1,DCA1
7502,2230185,SUSI - KnifeCountryUSA,SUSI
7502,2230187,DET1,DET1
7502,2230189,DET2,DET2
7502,2230191,SUHH,SUHH
7502,2230193,SUHV - Bare Home,SUHV
7502,2230195,AmazonFresh LLC,MIN1
7502,2230197,Amazon.com.nvdc LLC,MSP1
7502,2230199,VUPV - RB MO,VUPV
7502,2230201,SUHL,SUHL
7502,2230203,CLT3,CLT3
7502,2230205,SUSG,SUSG
7502,2230207,SUHI,SUHI
7502,2230209,VFSN - Spartan Nash Fresh Flex,VFSN
7502,2230211,BUF9,BUF9
7502,2230213,SUOM - Marketfair Stationery,SUOM
7502,2230215,Amazon.com.dedc LLC,EWR7
7502,2230217,Amazon.com.dedc LLC,LGA6
7502,2230219,Amazon.com.dedc LLC,LGA7
7502,2230221,Amazon.com.dedc LLC,TEB6
7502,2230223,SUEG,SUEG
7502,2230225,Amazon.com.dedc LLC,ABE8
7502,2230227,Amazon.com.nvdc LLC,HNJ2
7502,2230229,TEB3,TEB3
7502,2230231,SUPH,SUPH
7502,2230233,SUMA - aSavings,SUMA
7502,2230235,SUWB - DealFisher,SUWB
7502,2230237,PNE2,PNE2
7502,2230239,VUME - Drive Medical VF NJ,VUME
7502,2230241,IVSD,IVSD
7502,2230243,IVSC,IVSC
7502,2230245,LAS6,LAS6
7502,2230247,IVSE,IVSE
7502,2230249,Amazon.com.nvdc LLC,RNO4
7502,2230251,Treasure Truck Node,TNY1
7502,2230253,SUAZ - Under Moments,SUAZ
7502,2230255,SUOP - BestSource OfficeSupplies,SUOP
7502,2230257,SUOG - The Mega Deals,SUOG
7502,2230259,JFK2,JFK2
7502,2230261,SUEB- Spy Tec,SUEB
7502,2230263,SUGA,SUGA
7502,2230265,Amazon.com.dedc LLC,SBU1
7502,2230267,Amazon.com.kydc LLC,CLE6
7502,2230269,Amazon.com.kydc LLC,CLE1
7502,2231012,HOU8,HOU8
7502,2231014,HSV1,HSV1
7502,2231016,HTX3,HTX3
7502,2231018,ILG1,ILG1
7502,2231020,VUJH,VUJH
7502,2231022,VUJI,VUJI
7502,2231024,MAF9,MAF9
7502,2231026,RHA1,RHA1
7502,2231027,XUXE,XUXE
7502,2231028,VUJU,VUJU
7502,2231030,VULL,VULL
7502,2231032,IDC4,IDC4
7502,2231034,BAY1,BAY1
7502,2231036,KTX1,KTX1
7502,2231038,ADS1,ADS1
7502,2231040,AMA1,AMA1
7502,2231042,AVP9,AVP9
7502,2231044,AWA2,AWA2
7502,2231046,BLV2,BLV2
7502,2231048,DET7,DET7
7502,2231050,HPX9,HPX9
7502,2231052,HIN9,HIN9
7502,2231054,VUCH,VUCH
7502,2231056,VUCL,VUCL
7502,2231058,HCA4,HCA4
7502,2231060,LAL4,LAL4
7502,2231062,MTN3,MTN3
7502,2231064,OLM1,OLM1
7502,2231066,PFL3,PFL3
7502,2231068,PNE1,PNE1
7502,2231070,PPA2,PPA2
7502,2231072,RGA1,RGA1
7502,2231074,STP2,STP2
7502,2231076,VUAG,VUAG
7502,2231078,HCL9,HCL9
7502,2231080,HME9,HME9
7502,2231082,HSL9,HSL9
7502,2231084,MAC4,MAC4
7502,2231086,MAK3,MAK3
7502,2231088,VUAM,VUAM
7502,2231090,VUAO,VUAO
7502,2231092,VUAH,VUAH
7502,2231094,VUAJ,VUAJ
7502,2231096,VUAD,VUAD
7502,2231098,UDA1,UDA1
7502,2231100,GUS5,GUS5
7502,2231102,VUAR,VUAR
7502,2231104,VUAW,VUAW
7502,2231106,VUAY,VUAY
7502,2231108,VUCP,VUCP
7502,2231110,GUS8,GUS8
7502,2231112,RIC4,RIC4
7502,2231114,SAT3,SAT3
7502,2231116,SBD6,SBD6
7502,2231118,SHV1,SHV1
7502,2231120,SOH3,SOH3
7502,2231122,SWF2,SWF2
7502,2231124,TYS1,TYS1
7502,2231126,IUSL,IUSL
7502,2231128,YXU1,YXU1
7502,2231130,MAJ5,MAJ5
7502,2231132,MAB7,MAB7
7502,2231134,VUBP,VUBP
7502,2231136,VUBR,VUBR
7502,2231138,RJY1,RJY1
7502,2231140,IAH4,IAH4
7502,2231142,KRB5,KRB5
7502,2231144,LUK2,LUK2
7502,2231146,PAE3,PAE3
7502,2231148,RFD2,RFD2
7502,2231150,MLI1,MLI1
7502,2231152,RJY2,RJY2
7502,2231154,RNM9,RNM9
7502,2231156,QAE2,QAE2
7502,2231158,KOH1,KOH1
7502,2231160,KOH6,KOH6
7502,2231162,VUBS,VUBS
7502,2231164,IBF4,IBF4
7502,2231166,ITUS,ITUS
7502,2231168,ITCA,ITCA
7502,2231170,IWA2,IWA2
7502,2231172,IDC1,IDC1
7502,2231174,IDC9,IDC9
7502,2231176,ILS4,ILS4
7502,2231178,ILS3,ILS3
7502,2231180,JAK1,JAK1
7502,2231182,UWI2,UWI2
7502,2231184,HUD0,HUD0
7502,2231186,HUD3,HUD3
7502,2231188,HUD5,HUD5
7502,2231190,MAK7,MAK7
7502,2231192,MAH5,MAH5
7502,2231194,MAC3,MAC3
7502,2231196,MAG5,MAG5
7502,2231198,MAJ7,MAJ7
7502,2231200,UNJ2,UNJ2
7502,2231202,KRB9,KRB9
7502,2231204,HAT7,HAT7
7502,2231206,MOD2,MOD2
7502,2231208,MWH1,MWH1
7502,2231210,POR4,POR4
7502,2231212,AKR1,AKR1
7502,2231214,BFN3,BFN3
7502,2231216,PSC2,PSC2
7502,2231218,SCK8,SCK8
7502,2231220,TLH2,TLH2
7502,2231222,VUBT,VUBT
7502,2231224,XEW3,XEW3
7502,2231226,XHH3,XHH3
7502,2231228,YYC4,YYC4
7502,2231230,VUBV,VUBV
7502,2231232,HBD7,HBD7
7502,2231234,HCH7,HCH7
7502,2231236,HHO7,HHO7
7502,2231238,HMI7,HMI7
7502,2231240,HMO7,HMO7
7502,2231242,HPH6,HPH6
7502,2231244,HSD7,HSD7
7502,2231246,KRB7,KRB7
7502,2231248,C998,C998
7502,2231250,MAH2,MAH2
7502,2231252,MAH0,MAH0
7502,2231253,MAL0,MAL0
7502,2231255,MAK1,MAK1
7502,2231257,VUBZ,VUBZ
7502,2230565,PIT2,PIT2
7502,2230567,RDU1,RDU1
7502,2230569,SAX2,SAX2
7502,2230571,SCA3,SCA3
7502,2230573,SCA5,SCA5
7502,2230575,XIX7,XIX7
7502,2230577,SDC2,SDC2
7502,2230579,SFL3,SFL3
7502,2230581,SIL2,SIL2
7502,2230583,XBRB,XBRB
7502,2230585,SLC2,SLC2
7502,2230587,SMD1,SMD1
7502,2230589,SNY1,SNY1
7502,2230591,ULA6,ULA6
7502,2230593,UWA6,UWA6
7502,2230595,UVA3,UVA3
7502,2230597,UTX2,UTX2
7502,2230600,SWA2,SWA2
7502,2230602,STX5,STX5
7502,2230604,STX3,STX3
7502,2230606,SNY3,SNY3
7502,2230608,YEG1,YEG1
7502,2230610,UPA1,UPA1
7502,2230612,UCA2,UCA2
7502,2230614,UWA2,UWA2
7502,2230616,UMD1,UMD1
7502,2230618,MAE1,MAE1
7502,2230620,ICH2,ICH2
7502,2230622,UCA7,UCA7
7502,2230624,TMI1,TMI1
7502,2230626,TFL5,TFL5
7502,2230628,VUCT,VUCT
7502,2230630,ICH4,ICH4
7502,2230632,KTO3,KTO3
7502,2230634,KTO4,KTO4
7502,2230636,TPA3,TPA3
7502,2230638,BDL6,BDL6
7502,2230640,BOI2,BOI2
7502,2230642,DAL2,DAL2
7502,2230644,DEN7,DEN7
7502,2230646,DSM5,DSM5
7502,2230648,GYR3,GYR3
7502,2230650,JVL1,JVL1
7502,2230652,LGB9,LGB9
7502,2230654,MEM6,MEM6
7502,2230656,ORD2,ORD2
7502,2230658,RDG1,RDG1
7502,2230660,SCK3,SCK3
7502,2230662,XIX8,XIX8
7502,2230664,YUL2,YUL2
7502,2230666,VUAC,VUAC
7502,2230668,MAC1,MAC1
7502,2230670,MAB5,MAB5
7502,2230672,VUCA,VUCA
7502,2230674,BFN1,BFN1
7502,2230676,HNE1,HNE1
7502,2230678,HSE1,HSE1
7502,2230680,SBD3,SBD3
7502,2230682,TEN2,TEN2
7502,2230684,XBW1,XBW1
7502,2230686,XSF1,XSF1
7502,2230688,VOA1,VOA1
7502,2230690,VUWR,VUWR
7502,2230692,VHNA,VHNA
7502,2230694,VHNC,VHNC
7502,2230696,VHNE,VHNE
7502,2230698,MAC7,MAC7
7502,2230700,MAB6,MAB6
7502,2230702,MAE4,MAE4
7502,2230704,ICH3,ICH3
7502,2230706,INY4,INY4
7502,2230708,INY6,INY6
7502,2230710,INY7,INY7
7502,2230712,ISF1,ISF1
7502,2230714,ISF5,ISF5
7502,2230716,ISF3,ISF3
7502,2230718,ISE9,ISE9
7502,2230720,VUGT,VUGT
7502,2230722,HSF9,HSF9
7502,2230724,FLJ2,FLJ2
7502,2230726,HJX9,HJX9
7502,2230728,HPH9,HPH9
7502,2230730,HCM9,HCM9
7502,2230732,HLA9,HLA9
7502,2230734,HDT9,HDT9
7502,2230736,RSC1,RSC1
7502,2230738,MAG3,MAG3
7502,2230740,ABQ1,ABQ1
7502,2230742,AGS2,AGS2
7502,2230744,AUS2,AUS2
7502,2230746,BFL2,BFL2
7502,2230748,DEN4,DEN4
7502,2230750,DEV3,DEV3
7502,2230752,FAT2,FAT2
7502,2230754,FTW5,FTW5
7502,2230756,HEA1,HEA1
7502,2230758,HGR2,HGR2
7502,2230860,HMD3,HMD3
7502,2230862,HMW4,HMW4
7502,2230864,HOU9,HOU9
7502,2230866,HWE2,HWE2
7502,2230868,IAH2,IAH2
7502,2230870,IGQ1,IGQ1
7502,2230872,JAX7,JAX7
7502,2230874,LIT1,LIT1
7502,2230876,MCI2,MCI2
7502,2230878,MMU9,MMU9
7502,2230880,MTN1,MTN1
7502,2230882,OAK9,OAK9
7502,2230884,ORF2,ORF2
7502,2230886,PBI2,PBI2
7502,2230888,SBD1,SBD1
7502,2230890,SFL4,SFL4
7502,2230892,SIL3,SIL3
7502,2230894,SMN1,SMN1
7502,2230896,SNJ3,SNJ3
7502,2230898,SOR3,SOR3
7502,2230900,SWF1,SWF1
7502,2230902,TEB4,TEB4
7502,2230904,TMB8,TMB8
7502,2230906,XLX3,XLX3
7502,2230908,RPNV,RPNV
7502,2230910,RCLJ,RCLJ
7502,2230912,RTPX,RTPX
7502,2230914,VUJC,VUJC
7502,2230916,VUH2,VUH2
7502,2230918,VUH4,VUH4
7502,2230920,VUH6,VUH6
7502,2230922,VUH8,VUH8
7502,2230924,VUI1,VUI1
7502,2230926,VUI3,VUI3
7502,2230928,VUI5,VUI5
7502,2230930,VUI7,VUI7
7502,2230932,VUJ2,VUJ2
7502,2230934,HEW9,HEW9
7502,2230936,VUMF,VUMF
7502,2230938,VUTF,VUTF
7502,2230940,MAC9,MAC9
7502,2230942,MAG6,MAG6
7502,2230944,XUXZ,XUXZ
7502,2230946,KCA8,KCA8
7502,2230948,KGA8,KGA8
7502,2230950,KIL8,KIL8
7502,2230952,KMA8,KMA8
7502,2230954,KTX8,KTX8
7502,2230956,TEB9,TEB9
7502,2230958,IBF3,IBF3
7502,2230960,XUST,XUST
7502,2230961,KRB3,KRB3
7502,2230963,LIT2,LIT2
7502,2230965,OKC2,OKC2
7502,2230967,OXR1,OXR1
7502,2230969,POD4,POD4
7502,2230971,SAT4,SAT4
7502,2230973,SAX3,SAX3
7502,2230975,SAX5,SAX5
7502,2230977,SMF7,SMF7
7502,2230979,SNC2,SNC2
7502,2230980,SNV1,SNV1
7502,2230982,SNY5,SNY5
7502,2230984,STL3,STL3
7502,2230986,SUT1,SUT1
7502,2230988,TON3,TON3
7502,2230990,VGT1,VGT1
7502,2230992,ZAP1,ZAP1
7502,2230994,ZAP3,ZAP3
7502,2230996,YOO1,YOO1
7502,2230998,UNY5,UNY5
7502,2231000,ARR1,ARR1
7502,2231002,BDL4,BDL4
7502,2231004,CLT6,CLT6
7502,2231006,ELP1,ELP1
7502,2231008,FWA4,FWA4
7502,2231010,HGA6,HGA6
7502,2229860,Brazil 3PL,XBRZ
7502,2229862,"XCAB DHL 3PL Calgary, AB",XCAB
7502,2229864,"Amazon Canada Fulfillment Services, Inc.",UBC1
7502,2229866,"Amazon Canada Fulfillment Services, Inc.",YVR3
7502,2229868,VOPA,VOPA
7502,2229870,"Amazon.com.ca, Inc",YYZ6
7502,2229872,"Amazon.com.ca, Inc",PRTO
7502,2229874,KTO2,KTO2
7502,2229876,"Shenzhen Chinex Logistics Co., Ltd.",KUS2
7502,2229878,CPA San Martin Obispo Edificio B019,MEX2
7502,2229880,Servicios Comerciales Amazon Mexico S. de R.L. de C.V.,MEX1
7502,2229882,SMSA - Stylo Zapaterias,SMSA
7502,2229884,MEX1 for XBPS,IMXF
7502,2229886,SUHB,SUHB
7502,2229888,MOB9,MOB9
7502,2229890,Amazon.com.azdc LLC,PHX3
7502,2229892,Amazon.com.azdc LLC,PHX6
7502,2229894,Amazon Fulfillment Services,XUSH
7502,2229896,TUS1,TUS1
7502,2229898,SUPR - Nutricity,SUPR
7502,2229900,SUBW - Walker Bookstore,SUBW
7502,2229902,"NFI 3PL Perris, CA",XUSO
7502,2229904,BEK1,BEK1
7502,2229906,SUFD - ocpower,SUFD
7502,2229908,Golden State FC LLC,SJC9
7502,2229910,SUPE,SUPE
7502,2229912,SUNC - E2W Distribution,SUNC
7502,2229914,SUPK - Prosumer's Choice,SUPK
7502,2229916,SUOK,SUOK
7502,2229918,SUJB - Peora,SUJB
7502,2229920,Golden State FC LLC,SNA6
7502,2229922,VUWC - Flagstaff,VUWC
7502,2229924,Amazon.com.dedc LLC,VUPQ
7502,2229926,SUPI,SUPI
7502,2229928,XFI1,XFI1
7502,2229930,SUSH - zeroUV,SUSH
7502,2229932,Treasure Truck Node,TCA4
7502,2229934,LGB1,LGB1
7502,2229936,SUOQ - LD Products,SUOQ
7502,2229938,Amazon.com.nvdc LLC,HCA3
7502,2229940,Treasure Truck Node,TCA5
7502,2229942,Amazon.com.kydc LLC,ABE7
7502,2229944,VUWE - Nestle Modesto,VUWE
7502,2229946,Golden State FC LLC,ONT8
7502,2229948,Golden State FC LLC,OAK7
7502,2229950,SUAM,SUAM
7502,2229952,SUAC- Webzom,SUAC
7502,2229954,SUJF - Webzom,SUJF
7502,2229956,Golden State FC LLC,OAK3
7502,2229958,Golden State FC LLC,VUTD
7502,2229960,Golden State FC LLC,ONT9
7502,2229962,VUPX - Clorox VF CA,VUPX
7502,2229964,Treasure Truck Node,TCA2
7502,2229966,Golden State FC LLC,XUSJ
7502,2229968,VUMD,VUMD
7502,2229970,Golden State FC LLC,SMF1
7502,2229972,Golden State FC LLC,SNA7
7502,2229974,Golden State FC LLC,XIX2
7502,2229976,Golden State FC LLC,ONT4
7502,2229978,Golden State FC LLC,PCA2
7502,2229980,SUBA,SUBA
7502,2229982,HCA6,HCA6
7502,2229984,Treasure Truck Node,TCA1
7502,2229986,Innovel STOCKTON - DDC,XLAG
7502,2229988,Amazon.com.dedc LLC,VUKJ
7502,2229990,Golden State FC LLC,OAK4
7502,2229992,Golden State FC LLC,SJC7
7502,2229994,VUWA,VUWA
7502,2229996,Glorycycling International Inc,SUAK
7502,2229998,Amazon Fulfillment Services,VUMX
7502,2230000,FAT1,FAT1
7502,2230002,SMF3,SMF3
7502,2230004,SMF9,SMF9
7502,2230006,Amazon.com.dedc LLC,DEN2
7502,2230008,SUHQ - ShipIQ,SUHQ
7502,2230010,DEN6,DEN6
7502,2230012,Treasure Truck Node,TCO1
7502,2230014,DEN3,DEN3
7502,2230016,SUJD - Old Glory/Animalworld,SUJD
7502,2230018,Amazon.com.dedc LLC,BDL2
7502,2230020,Amazon.com.dedc LLC,PHL7
7502,2230022,Amazon.com.dedc LLC,PHL3
7502,2230024,SUPQ - Longhorn Distribution,SUPQ
7502,2230026,SUHS- Avalanche Brands,SUHS
7502,2230028,Amazon.com.dedc LLC,JAX2
7502,2230030,SUPD,SUPD
7502,2230032,AmazonFresh LLC,MIA6
7502,2230034,UFL2,UFL2
7502,2230036,SUJC - BodyJ4You,SUJC
7502,2230038,MIA1,MIA1
7502,2230040,Amazon.com.dedc LLC,XUSF
7502,2230042,Treasure Truck Node,TFL4
7502,2230044,SUAW- VRMI/Swiftpart,SUAW
7502,2230046,SUBT - Tend Skin,SUBT
7502,2230048,SUOD,SUOD
7502,2230050,Treasure Truck Node,TFL3
7502,2230052,SUBU - Cirdan,SUBU
7502,2230054,MCO1,MCO1
7502,2230056,SUAX - Athens Dodge Chrysler Jeep,SUAX
7502,2230058,Amazon.com.dedc LLC,PGA1
7502,2230060,SUOL,SUOL
7502,2230062,VUGO - Abbott GA,VUGO
7502,2230064,Amazon.com.dedc LLC,MGE1
7502,2230066,AmazonFresh LLC,ATL9
7502,2230068,Savannah 3PL Import Crossdock,SAV1
7502,2230070,Amazon.com.dedc LLC,UGA3
7502,2230072,VUPY - Colgate VF GA,VUPY
7502,2230074,Amazon.com.dedc LLC,VUOJ
7502,2230076,Innovel PENDERGRASS - DDC,XLAH
7502,2230078,SUNB - E2W Distribution,SUNB
7502,2230080,Amazon.com.dedc LLC,ATL7
7502,2230082,Amazon.com.dedc LLC,VUPK
7502,2230084,Amazon.com.dedc LLC,MDW9
7502,2230086,SUON - Signs Direct,SUON
7502,2230088,Amazon.com.dedc LLC,CHI3
7502,2230090,Amazon.com.dedc LLC,HIL2
7502,2230092,Treasure Truck Node,TIL1
7502,2230094,Amazon.com.dedc LLC,STL4
7502,2230096,Amazon.com.dedc LLC,STL7
7502,2230098,Amazon.com.dedc LLC,VUOK
7502,2230100,KIL1,KIL1
7502,2230102,Amazon.com.dedc LLC,MDW2
7502,2230104,Amazon.com.dedc LLC,PIL1
7502,2230106,SUAP,SUAP
7502,2230108,Innovel Romeoville DDC,XLAB
7502,2230110,Amazon.com.dedc LLC,MDW8
7502,2230112,AmazonFresh LLC,ORD6
7502,2230114,ICT1,ICT1
7502,2230116,SUOJ,SUOJ
7502,2230118,VUMC,VUMC
7502,2230120,Amazon.com.indc LLC,IND4
7502,2230122,Treasure Truck Node,TIN1
7502,2230124,Amazon.com.indc LLC,SDF8
7502,2230126,VUQD - Mead Johnson VF IN,VUQD
7502,2230128,Amazon.com.indc LLC,IND2
7502,2230130,Amazon.com.indc LLC,IND5
7502,2230132,Amazon.com.indc LLC,IND1
7502,2230134,LAS7,LAS7
7502,2230136,Amazon.com.kydc LLC,TUL1
7502,2230138,Amazon Fulfillment Services,XUSK
7502,2230140,Amazon.com.kydc LLC,MCI7
7502,2230142,IVSA,IVSA
7502,2230144,SUDA - DragonMarts,SUDA
7502,2230146,IVSA,IVSB
7502,2230148,Seller Flex - Teespring - Hebron KY,SUAA
7502,2230150,Amazon.com.kydc LLC,CVG2
7502,2230152,Amazon.com.kydc LLC,CVG1
7502,2230154,Amazon.com.kydc LLC,LEX2
7502,2230156,SUBH,SUBH
7502,2230158,SUSA,SUSA
7502,2230160,PISB,PISB
7502,2230162,Amazon.com.kydc LLC,SDF9
7502,2230164,Amazon.com.kydc LLC,SDF4
7502,2230166,Treasure Truck Node,TMA3
7502,2230168,Amazon.com.kydc LLC,BOS8
7502,2230170,SUSK - Direct Premium Buys,SUSK
7502,2230172,Amazon.com.kydc LLC,BOS7
7502,2230174,BOS9,BOS9
7502,2230176,Amazon.com.dedc LLC,XUSM
7502,2230178,Amazon.com.dedc LLC,BWI2
7502,2230180,01-Mar,01-Mar
7502,2230182,SUOC,SUOC
7502,2230184,SUHX - Pinklim,SUHX
7502,2230186,SUTA - ToyKingsOnline,SUTA
7502,2230188,XUSR 3PL,XUSR
7502,2230190,Amazon.com.dedc LLC,UMI2
7502,2230192,DTW1,DTW1
7502,2230194,SUVA - Loot Hive,SUVA
7502,2230196,Treasure Truck Node,TMN1
7502,2230198,Amazon.com.dedc LLC,VUPU
7502,2230200,SUEH - A1 Components,SUEH
7502,2230202,Amazon.com.dedc LLC,CLT2
7502,2230204,Amazon.com.dedc LLC,XLBA
7502,2230206,Amazon.com.nvdc LLC,LAS2
7502,2230208,SUBC - Gilden Tree,SUHA
7502,2230210,PFL2,PFL2
7502,2230212,JFK8,JFK8
7502,2230214,EWR6,EWR6
7502,2230216,SUPM - E2W Distribution,SUPM
7502,2230218,Amazon.com.dedc LLC,EWR9
7502,2230220,Amazon.com.dedc LLC,LGA8
7502,2230222,Amazon.com.dedc LLC,LGA9
7502,2230224,SUCD,SUCD
7502,2230226,Amazon Fulfillment Services,XUSQ
7502,2230228,UNJ1,UNJ1
7502,2230230,CTDI New Jersey,VUKZ
7502,2230232,SUPN - What America Buys,SUPN
7502,2230234,SUHE - Persian Rugs,SUHE
7502,2230236,Amazon.com.dedc LLC,EWR4
7502,2230238,SUOE,SUOE
7502,2230240,Amazon.com.dedc LLC,VUKI
7502,2230242,ACY1,ACY1
7502,2230244,Amazon.com.nvdc LLC,RNO1
7502,2230246,IVSF,ICSF
7502,2230248,Amazon.com.kydc LLC,RNO3
7502,2230250,JFK9,JFK9
7502,2230252,SUGC - Driftaway LLC,SUGC
7502,2230254,SUHP - OxKom,SUHP
7502,2230256,SUPJ,SUPJ
7502,2230258,SUOX - The Mega Deals,SUOX
7502,2230260,Treasure Truck Node,TNYA
7502,2230262,VUQC - Perfume WW VF NY,VUQC
7502,2230264,AZ Texts LLC (SUBD),SUBD
7502,2230266,Amazon.com.dedc LLC,CAK1
7502,2230268,Amazon.com.dedc LLC,CIN1
7502,2230270,SUAB,SUAB
7502,2230272,Amazon.com.dedc LLC,UOH2
7502,2230274,SUAS - Nayked Apparel,SUAS
7502,2230276,Amazon.com.dedc LLC,CMH2
7502,2230278,SUHO,SUHO
7502,2230280,POH1,POH1
7502,2230282,VUPW,VUPW
7502,2230284,OKC9,OKC9
7502,2230286,BDL3,BDL3
7502,2230288,SUOS Plus Corporation of America,SUOS
7502,2230290,Amazon.com.dedc LLC,POR1
7502,2230292,Treasure Truck Node,TOR1
7502,2230294,PDX6,PDX6
7502,2230296,PDX9,PDX9
7502,2230298,Amazon.com.dedc LLC,ABE3
7502,2230300,Amazon.com.dedc LLC,XUSC
7502,2230302,Amazon.com.dedc LLC,PHL6
7502,2230304,VUGM - Mondelez PA,VUGM
7502,2230306,Amazon.com.dedc LLC,ABE4
7502,2230308,Amazon.com.kydc LLC,ABE9
7502,2230310,Amazon.com.dedc LLC,AVP1
7502,2230312,Amazon.com.kydc LLC,XUSG
7502,2230314,VUWB,VUWB
7502,2230316,SUOT - LD Products,SUOT
7502,2230318,SUBE,SUBE
7502,2230320,Amazon.com.dedc LLC,TPAA
7502,2230322,SULX - Line 9 Sales,SULX
7502,2230324,Amazon.com.dedc LLC,AVP8
7502,2230326,VUAV,VUAV
7502,2230328,Amazon Nestle Vendor Flex CA,VUGP
7502,2230330,Amazon.com.dedc LLC,SCE1
7502,2230332,Amazon Nestle Vendor Flex CA,VUGA
7502,2230334,845 Paragon Way,XUSU
7502,2230336,"NFI 3PL Perris, CA",CAE3
7502,2230338,MEM1,MEM1
7502,2230340,Amazon.com.dedc LLC,CHA1
7502,2230342,Amazon.com.dedc LLC,BNA2
7502,2230344,Amazon.com.dedc LLC,BNA3
7502,2230346,Treasure Truck Node,TTNA
7502,2230348,SUOZ - E2W Distribution,SUOZ
7502,2230350,Treasure Truck Node,TTX2
7502,2230352,TAM1,TAM1
7502,2230354,SUAD- Dreem Co.,SUAD
7502,2230356,Amazon.com.kydc LLC,DFW6
7502,2230358,Treasure Truck Node,TTX4
7502,2230360,Amazon.com.dedc LLC,VUPO
7502,2230362,Innovel DALLAS - DDC,XLAF
7502,2230364,Amazon.com.kydc LLC,FTW2
7502,2230366,AmazonFresh LLC,DAL6
7502,2230368,UTX7,UTX7
7502,2230370,Amazon.com.kydc LLC,DFW7
7502,2230372,VUPZ - Colgate VF TX,VUPZ
7502,2230374,Amazon fulfillment services,ITX1
7502,2230376,AmazonFresh LLC,IAH6
7502,2230378,Amazon.com.kydc LLC,HTX1
7502,2230380,Amazon.com.dedc LLC,HOU2
7502,2230382,Amazon.com.kydc LLC,DFW9
7502,2230384,Amazon.com.kydc LLC,PTX1
7502,2230386,VUHE,VUHE
7502,2230388,Amazon.com.kydc LLC,SAT2
7502,2230390,Amazon.com.dedc LLC,VUPJ
7502,2230392,SUOI,SUOI
7502,2230394,SUSJ - Gear Meister,SUSJ
7502,2230396,SUBL,SUBL
7502,2230398,Norfolk 3PL Import Crossdock,ORF1
7502,2230400,BWI4,BWI4
7502,2230402,Amazon.com.dedc LLC,BWI6
7502,2230404,SULC - Seven Times Six,SULC
7502,2230406,Amazon.com.kydc LLC,UTX4
7502,2230408,AmazonFresh LLC,SEA8
7502,2230410,SULA,SULA
7502,2230412,Amazon.com.dedc LLC,BFI6
7502,2230414,Amazon.com.dedc LLC,ISE5
7502,2230416,Amazon.com.dedc LLC,BFI4
7502,2230418,Innovel KENT - DDC,XLAI
7502,2230420,Prime Now LLC,HWA2
7502,2230422,UWA4,UWA4
7502,2230424,Amazon.com.dedc LLC,FSE3
7502,2230426,SUXA- Test Node,SUXA
7502,2230428,SUZC,SUZC
7502,2230430,SUZA,SUZA
7502,2230432,SUED- Huppins,SUED
7502,2230434,Amazon.com.dedc LLC,BFIX
7502,2230436,Amazon.com.dedc LLC,PWA1
7502,2230438,"Net Health Shops, LLC d.b.a. Serenity Health - SULD",SULD
7502,2230440,MKE9,MKE9
7502,2230442,SUPA - Big Dot of Happiness,SUPA
7502,2230444,UWI1,UWI1
7502,2230446,UNV2,UNV2
7502,2230448,NFI Industries - Bulk Storage 3PL,XBSP
7502,2230450,VUQH - First Quality UT,VUQN
7502,2230452,ASE3 -  Amazon Prime Now,ASE3
7502,2230454,ISE6-Amazon Go,ISE6
7502,2230456,DCA2,DCA2
7502,2230458,DNJ1,DNJ1
7502,2230461,SDC1,SDC1
7502,2230463,SMA1,SMA1
7502,2230465,STX2,STX2
7502,2230467,XIX3,XIX3
7502,2230469,XIX5,XIX5
7502,2230471,SAZ1,SAZ1
7502,2230473,CMH6,CMH6
7502,2230475,XEW1,XEW1
7502,2230477,SLC3,SLC3
7502,2230479,BHM1,BHM1
7502,2230481,SLF1,SFL1
7502,2230483,GRR1,GRR1
7502,2230485,SCK1,SCK1
7502,2230487,LAX9,LAX9
7502,2230489,ORD3,ORD3
7502,2230491,MEM2,MEM2
7502,2230493,FDN1,FDN1
7502,2230495,YVR4,YVR4
7502,2230497,VUTH,VUTH
7502,2230499,VUGR,VUGR
7502,2230501,VUQP,VUQP
7502,2230503,VUQI,VUQI
7502,2230505,TNV2,TNV2
7502,2230507,UGA4,UGA4
7502,2230509,UAZ1,UAZ1
7502,2230511,UTX3,UTX3
7502,2230513,UCA6,UCA6
7502,2230515,VUTG,VUTG
7502,2230517,INT2,INT2
7502,2230519,UTN1,UTN1
7502,2230521,UMA4,UMA4
7502,2230523,UNY1,UNY1
7502,2230525,UNC2,UNC2
7502,2230527,UFL6,UFL6
7502,2230529,UFL5,UFL5
7502,2230531,ULA1,ULA1
7502,2230533,UMN2,UMN2
7502,2230535,UNY2,UNY2
7502,2230537,USC2,USC2
7502,2230539,UTX9,UTX9
7502,2230541,UNC3,UNC3
7502,2230543,UOH5,UOH5
7502,2230545,USC1,USC1
7502,2230547,USF2,USF2
7502,2230549,UVA5,UVA5
7502,2230551,XIX6,XIX6
7502,2230553,ALB1,ALB1
7502,2230555,BFC1,BFC1
7502,2230557,GEG1,GEG1
7502,2230559,KRB1,KRB1
7502,2230561,MCO2,MCO2
7502,2230563,MSP4,MSP4
7502,3599831,Amazon.com Services LLC,2501 Mount Holly Road
7502,3589997,XPH4,XPH4
7502,3598727,AFW1,1851 NE LOOP 820
7502,2461070,,
7502,2461072,,
7502,2461071,,
7502,2152639,Amazon.com Accounts Payable,
